ランク,所属コード,上位ランク,0,部門名称,開始世代,終了世代,コード1,コード2,コード3,コード4,コード5,コード6,コード7,コード8,コード9,名称1,名称2,名称3,名称4,名称5,名称6,名称7,名称8,名称9,所属名称,略称,備考,給与専用,所属コード,総表示順位
1,00000001,0,0,株式会社  大広,2,9999,2,0,0,0,0,0,0,0,0,株式会社  大広,,,,,,,,,株式会社  大広,大広,,0,00000001,1
2,08011000,1,00000001,役員,4,9999,2,181,0,0,0,0,0,0,0,株式会社  大広,役員,,,,,,,,株式会社  大広 役員,役員,,0,08011000,2
2,08021000,1,00000001,執行役員,21,9999,2,228,0,0,0,0,0,0,0,株式会社  大広,執行役員,,,,,,,,株式会社  大広 執行役員,執行役員,,0,08021000,3
2,08012000,1,00000001,顧問,47,9999,2,275,0,0,0,0,0,0,0,株式会社  大広,顧問,,,,,,,,株式会社  大広 顧問,顧問,,0,08012000,4
4,06021000,1,00000001,監査役業務チーム,64,9999,2,0,0,3167,0,0,0,0,0,株式会社  大広,,,監査役業務チーム,,,,,,株式会社  大広 監査役業務チーム,監査役業務チーム,,0,06021000,5
4,02021000,1,00000001,戦略情報チーム,64,9999,2,0,0,3168,0,0,0,0,0,株式会社  大広,,,戦略情報チーム,,,,,,株式会社  大広 戦略情報チーム,戦略情報チーム,,0,02021000,6
3,02060000,1,00000001,監査局,45,9999,2,0,499,0,0,0,0,0,0,株式会社  大広,,監査局,,,,,,,株式会社  大広 監査局,監査局,,0,02060000,7
4,02061000,3,02060000,監査チーム,64,9999,2,0,499,3174,0,0,0,0,0,株式会社  大広,,監査局,監査チーム,,,,,,株式会社  大広 監査局 監査チーム,監査局監査チーム,,0,02061000,8
4,02060002,3,02060000,付（博報堂ＤＹホールディングス出向）,59,9999,2,0,499,2915,0,0,0,0,0,株式会社  大広,,監査局,付（博報堂ＤＹホールディングス出向）,,,,,,株式会社  大広 監査局 付（博報堂ＤＹホールディングス出向）,監査局付（博報堂ＤＹホールディングス出向）,,0,02060002,9
4,02062000,3,02060000,付（出向休職）,59,9999,2,0,499,2902,0,0,0,0,0,株式会社  大広,,監査局,付（出向休職）,,,,,,株式会社  大広 監査局 付（出向休職）,監査局付（出向休職）,,0,02062000,10
5,02062001,4,02062000,（博報堂ＤＹホールディングス）,59,9999,2,0,499,2902,718,0,0,0,0,株式会社  大広,,監査局,付（出向休職）,（博報堂ＤＹホールディングス）,,,,,株式会社  大広 監査局 付（出向休職） （博報堂ＤＹホールディングス）,監査局付（出向休職）（博報堂ＤＹホールディングス）,,0,02062001,11
5,02062002,4,02062000,（アイビーシステム）,64,9999,2,0,499,2902,822,0,0,0,0,株式会社  大広,,監査局,付（出向休職）,（アイビーシステム）,,,,,株式会社  大広 監査局 付（出向休職） （アイビーシステム）,監査局付（出向休職）（アイビーシステム）,,0,02062002,12
3,04020000,1,00000001,コンテンツ事業推進局,64,9999,2,0,669,0,0,0,0,0,0,株式会社  大広,,コンテンツ事業推進局,,,,,,,株式会社  大広 コンテンツ事業推進局,コンテンツ事業推進局,,0,04020000,13
4,02043500,3,04020000,付（東京駐在）,64,9999,2,0,669,3351,0,0,0,0,0,株式会社  大広,,コンテンツ事業推進局,付（東京駐在）,,,,,,株式会社  大広 コンテンツ事業推進局 付（東京駐在）,コンテンツ事業推進局付（東京駐在）,,0,02043500,14
4,04022000,3,04020000,事業推進チーム,64,9999,2,0,669,3176,0,0,0,0,0,株式会社  大広,,コンテンツ事業推進局,事業推進チーム,,,,,,株式会社  大広 コンテンツ事業推進局 事業推進チーム,コンテンツ事業推進局事業推進チーム,,0,04022000,15
5,04023000,4,04022000,（東京駐在）,64,9999,2,0,669,3176,823,0,0,0,0,株式会社  大広,,コンテンツ事業推進局,事業推進チーム,（東京駐在）,,,,,株式会社  大広 コンテンツ事業推進局 事業推進チーム （東京駐在）,コンテンツ事業推進局事業推進チーム（東京駐在）,,0,04023000,16
4,02043000,3,04020000,大阪コンテンツ開発チーム,64,9999,2,0,669,3177,0,0,0,0,0,株式会社  大広,,コンテンツ事業推進局,大阪コンテンツ開発チーム,,,,,,株式会社  大広 コンテンツ事業推進局 大阪コンテンツ開発チーム,コンテンツ事業推進局大阪コンテンツ開発チーム,,0,02043000,17
4,02042000,3,04020000,東京コンテンツ開発チーム,64,9999,2,0,669,3178,0,0,0,0,0,株式会社  大広,,コンテンツ事業推進局,東京コンテンツ開発チーム,,,,,,株式会社  大広 コンテンツ事業推進局 東京コンテンツ開発チーム,コンテンツ事業推進局東京コンテンツ開発チーム,,0,02042000,18
4,02041000,3,04020000,ソーシャルビジネス開発チーム,64,9999,2,0,669,3179,0,0,0,0,0,株式会社  大広,,コンテンツ事業推進局,ソーシャルビジネス開発チーム,,,,,,株式会社  大広 コンテンツ事業推進局 ソーシャルビジネス開発チーム,コンテンツ事業推進局ソーシャルビジネス開発チーム,,0,02041000,19
4,04020002,3,04020000,付（博報堂出向）,64,9999,2,0,669,3180,0,0,0,0,0,株式会社  大広,,コンテンツ事業推進局,付（博報堂出向）,,,,,,株式会社  大広 コンテンツ事業推進局 付（博報堂出向）,コンテンツ事業推進局付（博報堂出向）,,0,04020002,20
4,02045000,3,04020000,付（出向休職）,64,9999,2,0,669,3181,0,0,0,0,0,株式会社  大広,,コンテンツ事業推進局,付（出向休職）,,,,,,株式会社  大広 コンテンツ事業推進局 付（出向休職）,コンテンツ事業推進局付（出向休職）,,0,02045000,21
5,02045001,4,02045000,（関西ＷＭＧ２０２１組織委員会）,64,9999,2,0,669,3181,825,0,0,0,0,株式会社  大広,,コンテンツ事業推進局,付（出向休職）,（関西ＷＭＧ２０２１組織委員会）,,,,,株式会社  大広 コンテンツ事業推進局 付（出向休職） （関西ＷＭＧ２０２１組織委員会）,コンテンツ事業推進局付（出向休職）（関西ＷＭＧ）,,0,02045001,22
5,02045002,4,02045000,（２０２５年日本国際博覧会協会）,64,9999,2,0,669,3181,877,0,0,0,0,株式会社  大広,,コンテンツ事業推進局,付（出向休職）,（２０２５年日本国際博覧会協会）,,,,,株式会社  大広 コンテンツ事業推進局 付（出向休職） （２０２５年日本国際博覧会協会）,コンテンツ事業推進局付（出向休職）（国際博覧会）,,0,02045002,23
2,10000000,1,00000001,コーポレートプランニング本部,64,9999,2,290,0,0,0,0,0,0,0,株式会社  大広,コーポレートプランニング本部,,,,,,,,株式会社  大広 コーポレートプランニング本部,コーポレートプランニング本部,,0,10000000,24
3,10020000,2,10000000,経営企画局,64,9999,2,290,670,0,0,0,0,0,0,株式会社  大広,コーポレートプランニング本部,経営企画局,,,,,,,株式会社  大広 コーポレートプランニング本部 経営企画局,コーポレートプランニング本部経営企画局,,0,10020000,25
4,10021000,3,10020000,経営企画チーム,64,9999,2,290,670,3182,0,0,0,0,0,株式会社  大広,コーポレートプランニング本部,経営企画局,経営企画チーム,,,,,,株式会社  大広 コーポレートプランニング本部 経営企画局 経営企画チーム,コーポレートＰ本部経営企画局経営企画チーム,,0,10021000,26
4,10022000,3,10020000,付（出向休職）,64,9999,2,290,670,3183,0,0,0,0,0,株式会社  大広,コーポレートプランニング本部,経営企画局,付（出向休職）,,,,,,株式会社  大広 コーポレートプランニング本部 経営企画局 付（出向休職）,コーポレートＰ本部経営企画局付（出向休職）,,0,10022000,27
5,10022001,4,10022000,（博報堂ＤＹホールディングス）,64,9999,2,290,670,3183,826,0,0,0,0,株式会社  大広,コーポレートプランニング本部,経営企画局,付（出向休職）,（博報堂ＤＹホールディングス）,,,,,株式会社  大広 コーポレートプランニング本部 経営企画局 付（出向休職） （博報堂ＤＹホールディングス）,コーポレートＰ本部経営企画局付（出向休職）（ＨＣ）,,0,10022001,28
3,10040000,2,10000000,人事局,64,9999,2,290,671,0,0,0,0,0,0,株式会社  大広,コーポレートプランニング本部,人事局,,,,,,,株式会社  大広 コーポレートプランニング本部 人事局,コーポレートプランニング本部人事局,,0,10040000,29
4,10041000,3,10040000,人事企画チーム,64,9999,2,290,671,3184,0,0,0,0,0,株式会社  大広,コーポレートプランニング本部,人事局,人事企画チーム,,,,,,株式会社  大広 コーポレートプランニング本部 人事局 人事企画チーム,コーポレートプランニング本部人事局人事企画チーム,,0,10041000,30
5,10041001,4,10041000,（医師）,64,9999,2,290,671,3184,827,0,0,0,0,株式会社  大広,コーポレートプランニング本部,人事局,人事企画チーム,（医師）,,,,,株式会社  大広 コーポレートプランニング本部 人事局 人事企画チーム （医師）,コーポレートＰ本部人事局人事企画チーム（医師）,,0,10041001,31
4,10042000,3,10040000,採用マネジメントチーム,64,9999,2,290,671,3185,0,0,0,0,0,株式会社  大広,コーポレートプランニング本部,人事局,採用マネジメントチーム,,,,,,株式会社  大広 コーポレートプランニング本部 人事局 採用マネジメントチーム,コーポレートＰ本部人事局採用マネジメントチーム,,0,10042000,32
4,10042500,3,10040000,大阪人事チーム,64,9999,2,290,671,3186,0,0,0,0,0,株式会社  大広,コーポレートプランニング本部,人事局,大阪人事チーム,,,,,,株式会社  大広 コーポレートプランニング本部 人事局 大阪人事チーム,コーポレートプランニング本部人事局大阪人事チーム,,0,10042500,33
5,10042501,4,10042500,（医師）,64,9999,2,290,671,3186,828,0,0,0,0,株式会社  大広,コーポレートプランニング本部,人事局,大阪人事チーム,（医師）,,,,,株式会社  大広 コーポレートプランニング本部 人事局 大阪人事チーム （医師）,コーポレートＰ本部人事局大阪人事チーム（医師）,,0,10042501,34
4,10040002,3,10040000,付（大広健康保険組合出向）,64,9999,2,290,671,3187,0,0,0,0,0,株式会社  大広,コーポレートプランニング本部,人事局,付（大広健康保険組合出向）,,,,,,株式会社  大広 コーポレートプランニング本部 人事局 付（大広健康保険組合出向）,コーポレートＰ本部人事局付（大広健康保険組合出向）,,0,10040002,35
4,10040003,3,10040000,付（大広企業年金基金出向）,64,9999,2,290,671,3188,0,0,0,0,0,株式会社  大広,コーポレートプランニング本部,人事局,付（大広企業年金基金出向）,,,,,,株式会社  大広 コーポレートプランニング本部 人事局 付（大広企業年金基金出向）,コーポレートＰ本部人事局付（大広企業年金基金出向）,,0,10040003,36
4,10040004,3,10040000,付（博報堂ＤＹトータルサポート出向）,64,9999,2,290,671,3189,0,0,0,0,0,株式会社  大広,コーポレートプランニング本部,人事局,付（博報堂ＤＹトータルサポート出向）,,,,,,株式会社  大広 コーポレートプランニング本部 人事局 付（博報堂ＤＹトータルサポート出向）,コーポレートＰ本部人事局付（博報堂ＤＹｔｓ出向）,,0,10040004,37
4,10044000,3,10040000,付（出向休職）,64,9999,2,290,671,3190,0,0,0,0,0,株式会社  大広,コーポレートプランニング本部,人事局,付（出向休職）,,,,,,株式会社  大広 コーポレートプランニング本部 人事局 付（出向休職）,コーポレートプランニング本部人事局付（出向休職）,,0,10044000,38
5,10044001,4,10044000,（日本広告審査機構）,64,9999,2,290,671,3190,829,0,0,0,0,株式会社  大広,コーポレートプランニング本部,人事局,付（出向休職）,（日本広告審査機構）,,,,,株式会社  大広 コーポレートプランニング本部 人事局 付（出向休職） （日本広告審査機構）,ＣＯＰ本部人事局付（出向休職）（日本広告審査機構）,,0,10044001,39
5,10044004,4,10044000,（大阪アドバタイジングエージェンシーズ協会）,64,9999,2,290,671,3190,830,0,0,0,0,株式会社  大広,コーポレートプランニング本部,人事局,付（出向休職）,（大阪アドバタイジングエージェンシーズ協会）,,,,,株式会社  大広 コーポレートプランニング本部 人事局 付（出向休職） （大阪アドバタイジングエージェンシーズ協会）,ＣＯＰ本部人事局付（出向休職）（ＯＡＡＡ）,,0,10044004,40
4,10043000,3,10040000,付（定期採用者）,64,9999,2,290,671,3191,0,0,0,0,0,株式会社  大広,コーポレートプランニング本部,人事局,付（定期採用者）,,,,,,株式会社  大広 コーポレートプランニング本部 人事局 付（定期採用者）,コーポレートプランニング本部人事局付（定期採用者）,,0,10043000,41
4,10043500,3,10040000,付（育児休職）,64,9999,2,290,671,3192,0,0,0,0,0,株式会社  大広,コーポレートプランニング本部,人事局,付（育児休職）,,,,,,株式会社  大広 コーポレートプランニング本部 人事局 付（育児休職）,コーポレートプランニング本部人事局付（育児休職）,,0,10043500,42
4,10045500,3,10040000,付（傷病休職）,64,9999,2,290,671,3193,0,0,0,0,0,株式会社  大広,コーポレートプランニング本部,人事局,付（傷病休職）,,,,,,株式会社  大広 コーポレートプランニング本部 人事局 付（傷病休職）,コーポレートプランニング本部人事局付（傷病休職）,,0,10045500,43
4,10045000,3,10040000,付（介護休職）,64,9999,2,290,671,3194,0,0,0,0,0,株式会社  大広,コーポレートプランニング本部,人事局,付（介護休職）,,,,,,株式会社  大広 コーポレートプランニング本部 人事局 付（介護休職）,コーポレートプランニング本部人事局付（介護休職）,,0,10045000,44
4,10044500,3,10040000,付（特別休職）,64,9999,2,290,671,3195,0,0,0,0,0,株式会社  大広,コーポレートプランニング本部,人事局,付（特別休職）,,,,,,株式会社  大広 コーポレートプランニング本部 人事局 付（特別休職）,コーポレートプランニング本部人事局付（特別休職）,,0,10044500,45
4,10046500,3,10040000,付（特別退職年金）,64,9999,2,290,671,3196,0,0,0,0,0,株式会社  大広,コーポレートプランニング本部,人事局,付（特別退職年金）,,,,,,株式会社  大広 コーポレートプランニング本部 人事局 付（特別退職年金）,コーポレートＰ本部人事局付（特別退職年金）,,0,10046500,46
2,08000000,1,00000001,コーポレートマネジメント本部,64,9999,2,291,0,0,0,0,0,0,0,株式会社  大広,コーポレートマネジメント本部,,,,,,,,株式会社  大広 コーポレートマネジメント本部,コーポレートマネジメント本部,,0,08000000,47
3,08030000,2,08000000,総務局,64,9999,2,291,672,0,0,0,0,0,0,株式会社  大広,コーポレートマネジメント本部,総務局,,,,,,,株式会社  大広 コーポレートマネジメント本部 総務局,コーポレートマネジメント本部総務局,,0,08030000,48
4,08031000,3,08030000,総務チーム,64,9999,2,291,672,3197,0,0,0,0,0,株式会社  大広,コーポレートマネジメント本部,総務局,総務チーム,,,,,,株式会社  大広 コーポレートマネジメント本部 総務局 総務チーム,コーポレートマネジメント本部総務局総務チーム,,0,08031000,49
4,08032000,3,08030000,大阪総務チーム,64,9999,2,291,672,3198,0,0,0,0,0,株式会社  大広,コーポレートマネジメント本部,総務局,大阪総務チーム,,,,,,株式会社  大広 コーポレートマネジメント本部 総務局 大阪総務チーム,コーポレートマネジメント本部総務局大阪総務チーム,,0,08032000,50
4,08034000,3,08030000,法務チーム,64,9999,2,291,672,3199,0,0,0,0,0,株式会社  大広,コーポレートマネジメント本部,総務局,法務チーム,,,,,,株式会社  大広 コーポレートマネジメント本部 総務局 法務チーム,コーポレートマネジメント本部総務局法務チーム,,0,08034000,51
4,08033000,3,08030000,広報チーム,64,9999,2,291,672,3200,0,0,0,0,0,株式会社  大広,コーポレートマネジメント本部,総務局,広報チーム,,,,,,株式会社  大広 コーポレートマネジメント本部 総務局 広報チーム,コーポレートマネジメント本部総務局広報チーム,,0,08033000,52
4,08036000,3,08030000,秘書チーム,64,9999,2,291,672,3201,0,0,0,0,0,株式会社  大広,コーポレートマネジメント本部,総務局,秘書チーム,,,,,,株式会社  大広 コーポレートマネジメント本部 総務局 秘書チーム,コーポレートマネジメント本部総務局秘書チーム,,0,08036000,53
5,08037000,4,08036000,（大阪駐在）,64,9999,2,291,672,3201,831,0,0,0,0,株式会社  大広,コーポレートマネジメント本部,総務局,秘書チーム,（大阪駐在）,,,,,株式会社  大広 コーポレートマネジメント本部 総務局 秘書チーム （大阪駐在）,コーポレートＭ本部総務局秘書チーム（大阪駐在）,,0,08037000,54
4,08030002,3,08030000,付（博報堂ＤＹホールディングス出向）,64,9999,2,291,672,3202,0,0,0,0,0,株式会社  大広,コーポレートマネジメント本部,総務局,付（博報堂ＤＹホールディングス出向）,,,,,,株式会社  大広 コーポレートマネジメント本部 総務局 付（博報堂ＤＹホールディングス出向）,コーポレートマネジメント本部総務局付（ＨＣ出向）,,0,08030002,55
4,08038000,3,08030000,付（出向休職）,64,9999,2,291,672,3203,0,0,0,0,0,株式会社  大広,コーポレートマネジメント本部,総務局,付（出向休職）,,,,,,株式会社  大広 コーポレートマネジメント本部 総務局 付（出向休職）,コーポレートマネジメント本部総務局付（出向休職）,,0,08038000,56
5,08038001,4,08038000,（博報堂ＤＹホールディングス）,64,9999,2,291,672,3203,832,0,0,0,0,株式会社  大広,コーポレートマネジメント本部,総務局,付（出向休職）,（博報堂ＤＹホールディングス）,,,,,株式会社  大広 コーポレートマネジメント本部 総務局 付（出向休職） （博報堂ＤＹホールディングス）,コーポレートＭ本部総務局付（出向休職）（ＨＣ）,,0,08038001,57
3,08040000,2,08000000,経理財務局,64,9999,2,291,673,0,0,0,0,0,0,株式会社  大広,コーポレートマネジメント本部,経理財務局,,,,,,,株式会社  大広 コーポレートマネジメント本部 経理財務局,コーポレートマネジメント本部経理財務局,,0,08040000,58
4,08041000,3,08040000,経理チーム,64,9999,2,291,673,3204,0,0,0,0,0,株式会社  大広,コーポレートマネジメント本部,経理財務局,経理チーム,,,,,,株式会社  大広 コーポレートマネジメント本部 経理財務局 経理チーム,コーポレートマネジメント本部経理財務局経理チーム,,0,08041000,59
5,08043000,4,08041000,（名古屋駐在）,64,9999,2,291,673,3204,833,0,0,0,0,株式会社  大広,コーポレートマネジメント本部,経理財務局,経理チーム,（名古屋駐在）,,,,,株式会社  大広 コーポレートマネジメント本部 経理財務局 経理チーム （名古屋駐在）,ＣＯＭ本部経理財務局経理チーム（名古屋駐在）,,0,08043000,60
5,08042000,4,08041000,（大阪駐在）,64,9999,2,291,673,3204,834,0,0,0,0,株式会社  大広,コーポレートマネジメント本部,経理財務局,経理チーム,（大阪駐在）,,,,,株式会社  大広 コーポレートマネジメント本部 経理財務局 経理チーム （大阪駐在）,ＣＯＭ本部経理財務局経理チーム（大阪駐在）,,0,08042000,61
4,08040002,3,08040000,付（博報堂ＤＹホールディングス出向）,64,9999,2,291,673,3205,0,0,0,0,0,株式会社  大広,コーポレートマネジメント本部,経理財務局,付（博報堂ＤＹホールディングス出向）,,,,,,株式会社  大広 コーポレートマネジメント本部 経理財務局 付（博報堂ＤＹホールディングス出向）,ＣＯＭ本部経理財務局付（ＨＣ出向）,,0,08040002,62
4,08040003,3,08040000,付（博報堂ＤＹトータルサポート出向）,64,9999,2,291,673,3206,0,0,0,0,0,株式会社  大広,コーポレートマネジメント本部,経理財務局,付（博報堂ＤＹトータルサポート出向）,,,,,,株式会社  大広 コーポレートマネジメント本部 経理財務局 付（博報堂ＤＹトータルサポート出向）,ＣＯＭ本部経理財務局付（博報堂ＤＹｔｓ出向）,,0,08040003,63
4,08044000,3,08040000,付（出向休職）,64,9999,2,291,673,3208,0,0,0,0,0,株式会社  大広,コーポレートマネジメント本部,経理財務局,付（出向休職）,,,,,,株式会社  大広 コーポレートマネジメント本部 経理財務局 付（出向休職）,ＣＯＭ本部経理財務局付（出向休職）,,0,08044000,64
5,08044001,4,08044000,（博報堂ＤＹホールディングス）,64,9999,2,291,673,3208,835,0,0,0,0,株式会社  大広,コーポレートマネジメント本部,経理財務局,付（出向休職）,（博報堂ＤＹホールディングス）,,,,,株式会社  大広 コーポレートマネジメント本部 経理財務局 付（出向休職） （博報堂ＤＹホールディングス）,ＣＯＭ本部経理財務局付（出向休職）（ＨＣ）,,0,08044001,65
3,08050000,2,08000000,ビジネスマネジメント局,64,9999,2,291,674,0,0,0,0,0,0,株式会社  大広,コーポレートマネジメント本部,ビジネスマネジメント局,,,,,,,株式会社  大広 コーポレートマネジメント本部 ビジネスマネジメント局,コーポレートマネジメント本部ビジネスマネジメント局,,0,08050000,66
4,08051000,3,08050000,東京プロフィットデザインチーム,64,9999,2,291,674,3209,0,0,0,0,0,株式会社  大広,コーポレートマネジメント本部,ビジネスマネジメント局,東京プロフィットデザインチーム,,,,,,株式会社  大広 コーポレートマネジメント本部 ビジネスマネジメント局 東京プロフィットデザインチーム,ＣＯＭ本部ＢＭ局東京プロフィットデザインチーム,,0,08051000,67
4,08052000,3,08050000,大阪プロフィットデザインチーム,64,9999,2,291,674,3210,0,0,0,0,0,株式会社  大広,コーポレートマネジメント本部,ビジネスマネジメント局,大阪プロフィットデザインチーム,,,,,,株式会社  大広 コーポレートマネジメント本部 ビジネスマネジメント局 大阪プロフィットデザインチーム,ＣＯＭ本部ＢＭ局大阪プロフィットデザインチーム,,0,08052000,68
4,08052500,3,08050000,東京ビジネスリスクマネジメントチーム,64,9999,2,291,674,3211,0,0,0,0,0,株式会社  大広,コーポレートマネジメント本部,ビジネスマネジメント局,東京ビジネスリスクマネジメントチーム,,,,,,株式会社  大広 コーポレートマネジメント本部 ビジネスマネジメント局 東京ビジネスリスクマネジメントチーム,ＣＯＭ本部ＢＭ局東京ビジネスリスクマネジメントＴ,,0,08052500,69
4,08053500,3,08050000,大阪ビジネスリスクマネジメントチーム,64,9999,2,291,674,3212,0,0,0,0,0,株式会社  大広,コーポレートマネジメント本部,ビジネスマネジメント局,大阪ビジネスリスクマネジメントチーム,,,,,,株式会社  大広 コーポレートマネジメント本部 ビジネスマネジメント局 大阪ビジネスリスクマネジメントチーム,ＣＯＭ本部ＢＭ局大阪ビジネスリスクマネジメントＴ,,0,08053500,70
4,08054000,3,08050000,東京第１管理チーム,64,9999,2,291,674,3214,0,0,0,0,0,株式会社  大広,コーポレートマネジメント本部,ビジネスマネジメント局,東京第１管理チーム,,,,,,株式会社  大広 コーポレートマネジメント本部 ビジネスマネジメント局 東京第１管理チーム,ＣＯＭ本部ＢＭ局東京第１管理チーム,,0,08054000,71
4,08054500,3,08050000,東京第２管理チーム,64,9999,2,291,674,3215,0,0,0,0,0,株式会社  大広,コーポレートマネジメント本部,ビジネスマネジメント局,東京第２管理チーム,,,,,,株式会社  大広 コーポレートマネジメント本部 ビジネスマネジメント局 東京第２管理チーム,ＣＯＭ本部ＢＭ局東京第２管理チーム,,0,08054500,72
4,08055000,3,08050000,大阪管理チーム,64,9999,2,291,674,3216,0,0,0,0,0,株式会社  大広,コーポレートマネジメント本部,ビジネスマネジメント局,大阪管理チーム,,,,,,株式会社  大広 コーポレートマネジメント本部 ビジネスマネジメント局 大阪管理チーム,ＣＯＭ本部ＢＭ局大阪管理チーム,,0,08055000,73
4,08055500,3,08050000,名古屋管理チーム,64,9999,2,291,674,3217,0,0,0,0,0,株式会社  大広,コーポレートマネジメント本部,ビジネスマネジメント局,名古屋管理チーム,,,,,,株式会社  大広 コーポレートマネジメント本部 ビジネスマネジメント局 名古屋管理チーム,ＣＯＭ本部ＢＭ局名古屋管理チーム,,0,08055500,74
5,08055501,4,08055500,（医師）,64,9999,2,291,674,3217,836,0,0,0,0,株式会社  大広,コーポレートマネジメント本部,ビジネスマネジメント局,名古屋管理チーム,（医師）,,,,,株式会社  大広 コーポレートマネジメント本部 ビジネスマネジメント局 名古屋管理チーム （医師）,ＣＯＭ本部ＢＭ局名古屋管理チーム（医師）,,0,08055501,75
2,18000000,1,00000001,東京第１ＢＡＰ本部,64,9999,2,292,0,0,0,0,0,0,0,株式会社  大広,東京第１ＢＡＰ本部,,,,,,,,株式会社  大広 東京第１ＢＡＰ本部,東京第１ＢＡＰ本部,,0,18000000,76
3,18020000,2,18000000,第１プロデュース局,64,9999,2,292,675,0,0,0,0,0,0,株式会社  大広,東京第１ＢＡＰ本部,第１プロデュース局,,,,,,,株式会社  大広 東京第１ＢＡＰ本部 第１プロデュース局,東京第１ＢＡＰ本部第１プロデュース局,,0,18020000,77
4,18021000,3,18020000,峰松チーム,64,9999,2,292,675,3218,0,0,0,0,0,株式会社  大広,東京第１ＢＡＰ本部,第１プロデュース局,峰松チーム,,,,,,株式会社  大広 東京第１ＢＡＰ本部 第１プロデュース局 峰松チーム,東京第１ＢＡＰ本部第１Ｐ局峰松チーム,,0,18021000,78
4,18022000,3,18020000,佐藤（裕）チーム,64,9999,2,292,675,3219,0,0,0,0,0,株式会社  大広,東京第１ＢＡＰ本部,第１プロデュース局,佐藤（裕）チーム,,,,,,株式会社  大広 東京第１ＢＡＰ本部 第１プロデュース局 佐藤（裕）チーム,東京第１ＢＡＰ本部第１Ｐ局佐藤（裕）チーム,,0,18022000,79
4,18023000,3,18020000,川上チーム,64,9999,2,292,675,3220,0,0,0,0,0,株式会社  大広,東京第１ＢＡＰ本部,第１プロデュース局,川上チーム,,,,,,株式会社  大広 東京第１ＢＡＰ本部 第１プロデュース局 川上チーム,東京第１ＢＡＰ本部第１Ｐ局川上チーム,,0,18023000,80
4,18024000,3,18020000,安島チーム,64,9999,2,292,675,3221,0,0,0,0,0,株式会社  大広,東京第１ＢＡＰ本部,第１プロデュース局,安島チーム,,,,,,株式会社  大広 東京第１ＢＡＰ本部 第１プロデュース局 安島チーム,東京第１ＢＡＰ本部第１Ｐ局安島チーム,,0,18024000,81
4,18025000,3,18020000,中島谷チーム,64,9999,2,292,675,3222,0,0,0,0,0,株式会社  大広,東京第１ＢＡＰ本部,第１プロデュース局,中島谷チーム,,,,,,株式会社  大広 東京第１ＢＡＰ本部 第１プロデュース局 中島谷チーム,東京第１ＢＡＰ本部第１Ｐ局中島谷チーム,,0,18025000,82
4,18026000,3,18020000,田中（望）チーム,64,9999,2,292,675,3223,0,0,0,0,0,株式会社  大広,東京第１ＢＡＰ本部,第１プロデュース局,田中（望）チーム,,,,,,株式会社  大広 東京第１ＢＡＰ本部 第１プロデュース局 田中（望）チーム,東京第１ＢＡＰ本部第１Ｐ局田中（望）チーム,,0,18026000,83
4,18020002,3,18020000,付（ディー・クリエイト出向）,64,9999,2,292,675,3224,0,0,0,0,0,株式会社  大広,東京第１ＢＡＰ本部,第１プロデュース局,付（ディー・クリエイト出向）,,,,,,株式会社  大広 東京第１ＢＡＰ本部 第１プロデュース局 付（ディー・クリエイト出向）,東京第１ＢＡＰ本部第１Ｐ局付（Ｄクリ出向）,,0,18020002,84
4,18027000,3,18020000,付（出向休職）,64,9999,2,292,675,3225,0,0,0,0,0,株式会社  大広,東京第１ＢＡＰ本部,第１プロデュース局,付（出向休職）,,,,,,株式会社  大広 東京第１ＢＡＰ本部 第１プロデュース局 付（出向休職）,東京第１ＢＡＰ本部第１Ｐ局付（出向休職）,,0,18027000,85
5,18027001,4,18027000,（ディー・クリエイト）,64,9999,2,292,675,3225,837,0,0,0,0,株式会社  大広,東京第１ＢＡＰ本部,第１プロデュース局,付（出向休職）,（ディー・クリエイト）,,,,,株式会社  大広 東京第１ＢＡＰ本部 第１プロデュース局 付（出向休職） （ディー・クリエイト）,東京第１ＢＡＰ本部第１Ｐ局付（出向休職）（Ｄクリ）,,0,18027001,86
5,18027002,4,18027000,（大廣國際廣告股分有限公司）,64,9999,2,292,675,3225,838,0,0,0,0,株式会社  大広,東京第１ＢＡＰ本部,第１プロデュース局,付（出向休職）,（大廣國際廣告股分有限公司）,,,,,株式会社  大広 東京第１ＢＡＰ本部 第１プロデュース局 付（出向休職） （大廣國際廣告股分有限公司）,東京第１ＢＡＰ本部第１Ｐ局付（出向休職）（台湾）,,0,18027002,87
3,18040000,2,18000000,第２プロデュース局,64,9999,2,292,677,0,0,0,0,0,0,株式会社  大広,東京第１ＢＡＰ本部,第２プロデュース局,,,,,,,株式会社  大広 東京第１ＢＡＰ本部 第２プロデュース局,東京第１ＢＡＰ本部第２プロデュース局,,0,18040000,88
4,18041000,3,18040000,園田チーム,64,9999,2,292,677,3226,0,0,0,0,0,株式会社  大広,東京第１ＢＡＰ本部,第２プロデュース局,園田チーム,,,,,,株式会社  大広 東京第１ＢＡＰ本部 第２プロデュース局 園田チーム,東京第１ＢＡＰ本部第２Ｐ局園田チーム,,0,18041000,89
4,18042000,3,18040000,高田（信）チーム,64,9999,2,292,677,3227,0,0,0,0,0,株式会社  大広,東京第１ＢＡＰ本部,第２プロデュース局,高田（信）チーム,,,,,,株式会社  大広 東京第１ＢＡＰ本部 第２プロデュース局 高田（信）チーム,東京第１ＢＡＰ本部第２Ｐ局高田（信）チーム,,0,18042000,90
4,18043000,3,18040000,張替チーム,64,9999,2,292,677,3228,0,0,0,0,0,株式会社  大広,東京第１ＢＡＰ本部,第２プロデュース局,張替チーム,,,,,,株式会社  大広 東京第１ＢＡＰ本部 第２プロデュース局 張替チーム,東京第１ＢＡＰ本部第２Ｐ局張替チーム,,0,18043000,91
4,18044000,3,18040000,デジタルクリエイティブラボ,64,9999,2,292,677,3229,0,0,0,0,0,株式会社  大広,東京第１ＢＡＰ本部,第２プロデュース局,デジタルクリエイティブラボ,,,,,,株式会社  大広 東京第１ＢＡＰ本部 第２プロデュース局 デジタルクリエイティブラボ,東京第１ＢＡＰ本部第２Ｐ局デジタルクリエイティブＬ,,0,18044000,92
4,18045000,3,18040000,付（出向休職）,64,9999,2,292,677,3230,0,0,0,0,0,株式会社  大広,東京第１ＢＡＰ本部,第２プロデュース局,付（出向休職）,,,,,,株式会社  大広 東京第１ＢＡＰ本部 第２プロデュース局 付（出向休職）,東京第１ＢＡＰ本部第２Ｐ局付（出向休職）,,0,18045000,93
5,18045001,4,18045000,（博報堂バンコク）,64,9999,2,292,677,3230,839,0,0,0,0,株式会社  大広,東京第１ＢＡＰ本部,第２プロデュース局,付（出向休職）,（博報堂バンコク）,,,,,株式会社  大広 東京第１ＢＡＰ本部 第２プロデュース局 付（出向休職） （博報堂バンコク）,東京第１ＢＡＰ本部第２Ｐ局付（出向休職）（タイ）,,0,18045001,94
5,18045002,4,18045000,（大広（中国）広告有限公司）,64,9999,2,292,677,3230,882,0,0,0,0,株式会社  大広,東京第１ＢＡＰ本部,第２プロデュース局,付（出向休職）,（大広（中国）広告有限公司）,,,,,株式会社  大広 東京第１ＢＡＰ本部 第２プロデュース局 付（出向休職） （大広（中国）広告有限公司）,東京第１ＢＡＰ本部第２Ｐ局付（出向休職）（中国）,,0,18045002,95
3,18060000,2,18000000,第３プロデュース局,64,9999,2,292,678,0,0,0,0,0,0,株式会社  大広,東京第１ＢＡＰ本部,第３プロデュース局,,,,,,,株式会社  大広 東京第１ＢＡＰ本部 第３プロデュース局,東京第１ＢＡＰ本部第３プロデュース局,,0,18060000,96
4,18061000,3,18060000,鷲北チーム,64,9999,2,292,678,3231,0,0,0,0,0,株式会社  大広,東京第１ＢＡＰ本部,第３プロデュース局,鷲北チーム,,,,,,株式会社  大広 東京第１ＢＡＰ本部 第３プロデュース局 鷲北チーム,東京第１ＢＡＰ本部第３Ｐ局鷲北チーム,,0,18061000,97
4,18062000,3,18060000,新潟支局,64,9999,2,292,678,3232,0,0,0,0,0,株式会社  大広,東京第１ＢＡＰ本部,第３プロデュース局,新潟支局,,,,,,株式会社  大広 東京第１ＢＡＰ本部 第３プロデュース局 新潟支局,東京第１ＢＡＰ本部第３Ｐ局新潟支局,,0,18062000,98
4,18081000,2,18000000,業務マネジメントチーム,64,9999,2,292,0,3234,0,0,0,0,0,株式会社  大広,東京第１ＢＡＰ本部,,業務マネジメントチーム,,,,,,株式会社  大広 東京第１ＢＡＰ本部 業務マネジメントチーム,東京第１ＢＡＰ本部業務マネジメントチーム,,0,18081000,99
2,20000000,1,00000001,東京第２ＢＡＰ本部,64,9999,2,293,0,0,0,0,0,0,0,株式会社  大広,東京第２ＢＡＰ本部,,,,,,,,株式会社  大広 東京第２ＢＡＰ本部,東京第２ＢＡＰ本部,,0,20000000,100
3,20020000,2,20000000,第１プロデュース局,64,9999,2,293,679,0,0,0,0,0,0,株式会社  大広,東京第２ＢＡＰ本部,第１プロデュース局,,,,,,,株式会社  大広 東京第２ＢＡＰ本部 第１プロデュース局,東京第２ＢＡＰ本部第１プロデュース局,,0,20020000,101
4,20020001,3,20020000,付,64,9999,2,293,679,3235,0,0,0,0,0,株式会社  大広,東京第２ＢＡＰ本部,第１プロデュース局,付,,,,,,株式会社  大広 東京第２ＢＡＰ本部 第１プロデュース局 付,東京第２ＢＡＰ本部第１Ｐ局付,,0,20020001,102
4,20021000,3,20020000,宮地チーム,64,9999,2,293,679,3236,0,0,0,0,0,株式会社  大広,東京第２ＢＡＰ本部,第１プロデュース局,宮地チーム,,,,,,株式会社  大広 東京第２ＢＡＰ本部 第１プロデュース局 宮地チーム,東京第２ＢＡＰ本部第１Ｐ局宮地チーム,,0,20021000,103
4,20022000,3,20020000,渡辺（哲）チーム,64,9999,2,293,679,3237,0,0,0,0,0,株式会社  大広,東京第２ＢＡＰ本部,第１プロデュース局,渡辺（哲）チーム,,,,,,株式会社  大広 東京第２ＢＡＰ本部 第１プロデュース局 渡辺（哲）チーム,東京第２ＢＡＰ本部第１Ｐ局渡辺（哲）チーム,,0,20022000,104
4,20023000,3,20020000,野村チーム,64,9999,2,293,679,3238,0,0,0,0,0,株式会社  大広,東京第２ＢＡＰ本部,第１プロデュース局,野村チーム,,,,,,株式会社  大広 東京第２ＢＡＰ本部 第１プロデュース局 野村チーム,東京第２ＢＡＰ本部第１Ｐ局野村チーム,,0,20023000,105
4,20023500,3,20020000,久木野チーム,64,9999,2,293,679,3352,0,0,0,0,0,株式会社  大広,東京第２ＢＡＰ本部,第１プロデュース局,久木野チーム,,,,,,株式会社  大広 東京第２ＢＡＰ本部 第１プロデュース局 久木野チーム,東京第２ＢＡＰ本部第１Ｐ局久木野チーム,,0,20023500,106
4,20023700,3,20020000,西岡チーム,64,9999,2,293,679,3356,0,0,0,0,0,株式会社  大広,東京第２ＢＡＰ本部,第１プロデュース局,西岡チーム,,,,,,株式会社  大広 東京第２ＢＡＰ本部 第１プロデュース局 西岡チーム,東京第２ＢＡＰ本部第１Ｐ局西岡チーム,,0,20023700,107
3,20040000,2,20000000,第２プロデュース局,64,9999,2,293,680,0,0,0,0,0,0,株式会社  大広,東京第２ＢＡＰ本部,第２プロデュース局,,,,,,,株式会社  大広 東京第２ＢＡＰ本部 第２プロデュース局,東京第２ＢＡＰ本部第２プロデュース局,,0,20040000,108
4,20041000,3,20040000,井上チーム,64,9999,2,293,680,3239,0,0,0,0,0,株式会社  大広,東京第２ＢＡＰ本部,第２プロデュース局,井上チーム,,,,,,株式会社  大広 東京第２ＢＡＰ本部 第２プロデュース局 井上チーム,東京第２ＢＡＰ本部第２Ｐ局井上チーム,,0,20041000,109
4,20041500,3,20040000,森山チーム,64,9999,2,293,680,3240,0,0,0,0,0,株式会社  大広,東京第２ＢＡＰ本部,第２プロデュース局,森山チーム,,,,,,株式会社  大広 東京第２ＢＡＰ本部 第２プロデュース局 森山チーム,東京第２ＢＡＰ本部第２Ｐ局森山チーム,,0,20041500,110
4,20042000,3,20040000,後藤チーム,64,9999,2,293,680,3241,0,0,0,0,0,株式会社  大広,東京第２ＢＡＰ本部,第２プロデュース局,後藤チーム,,,,,,株式会社  大広 東京第２ＢＡＰ本部 第２プロデュース局 後藤チーム,東京第２ＢＡＰ本部第２Ｐ局後藤チーム,,0,20042000,111
3,20060000,2,20000000,第３プロデュース局,64,9999,2,293,681,0,0,0,0,0,0,株式会社  大広,東京第２ＢＡＰ本部,第３プロデュース局,,,,,,,株式会社  大広 東京第２ＢＡＰ本部 第３プロデュース局,東京第２ＢＡＰ本部第３プロデュース局,,0,20060000,112
4,20061000,3,20060000,平泉チーム,64,9999,2,293,681,3242,0,0,0,0,0,株式会社  大広,東京第２ＢＡＰ本部,第３プロデュース局,平泉チーム,,,,,,株式会社  大広 東京第２ＢＡＰ本部 第３プロデュース局 平泉チーム,東京第２ＢＡＰ本部第３Ｐ局平泉チーム,,0,20061000,113
4,20063000,3,20060000,田部チーム,64,9999,2,293,681,3243,0,0,0,0,0,株式会社  大広,東京第２ＢＡＰ本部,第３プロデュース局,田部チーム,,,,,,株式会社  大広 東京第２ＢＡＰ本部 第３プロデュース局 田部チーム,東京第２ＢＡＰ本部第３Ｐ局田部チーム,,0,20063000,114
4,20062000,3,20060000,板木チーム,64,9999,2,293,681,3244,0,0,0,0,0,株式会社  大広,東京第２ＢＡＰ本部,第３プロデュース局,板木チーム,,,,,,株式会社  大広 東京第２ＢＡＰ本部 第３プロデュース局 板木チーム,東京第２ＢＡＰ本部第３Ｐ局板木チーム,,0,20062000,115
4,20064000,3,20060000,付（出向休職）,64,9999,2,293,681,3245,0,0,0,0,0,株式会社  大広,東京第２ＢＡＰ本部,第３プロデュース局,付（出向休職）,,,,,,株式会社  大広 東京第２ＢＡＰ本部 第３プロデュース局 付（出向休職）,東京第２ＢＡＰ本部第３Ｐ局付（出向休職）,,0,20064000,116
5,20064001,4,20064000,（三井住友銀行）,64,9999,2,293,681,3245,840,0,0,0,0,株式会社  大広,東京第２ＢＡＰ本部,第３プロデュース局,付（出向休職）,（三井住友銀行）,,,,,株式会社  大広 東京第２ＢＡＰ本部 第３プロデュース局 付（出向休職） （三井住友銀行）,東京第２ＢＡＰ本部第３Ｐ局付（出向休職）（三井住）,,0,20064001,117
3,20080000,2,20000000,統合プロデュース局,64,9999,2,293,682,0,0,0,0,0,0,株式会社  大広,東京第２ＢＡＰ本部,統合プロデュース局,,,,,,,株式会社  大広 東京第２ＢＡＰ本部 統合プロデュース局,東京第２ＢＡＰ本部統合プロデュース局,,0,20080000,118
4,20081000,3,20080000,伊藤（俊）チーム,64,9999,2,293,682,3344,0,0,0,0,0,株式会社  大広,東京第２ＢＡＰ本部,統合プロデュース局,伊藤（俊）チーム,,,,,,株式会社  大広 東京第２ＢＡＰ本部 統合プロデュース局 伊藤（俊）チーム,東京第２ＢＡＰ本部統合Ｐ局伊藤（俊）チーム,,0,20081000,119
4,22021000,3,20080000,高橋（勇）チーム,64,9999,2,293,682,3246,0,0,0,0,0,株式会社  大広,東京第２ＢＡＰ本部,統合プロデュース局,高橋（勇）チーム,,,,,,株式会社  大広 東京第２ＢＡＰ本部 統合プロデュース局 高橋（勇）チーム,東京第２ＢＡＰ本部統合Ｐ局高橋（勇）チーム,,0,22021000,120
4,20082000,3,20080000,高木（宏）チーム,64,9999,2,293,682,3247,0,0,0,0,0,株式会社  大広,東京第２ＢＡＰ本部,統合プロデュース局,高木（宏）チーム,,,,,,株式会社  大広 東京第２ＢＡＰ本部 統合プロデュース局 高木（宏）チーム,東京第２ＢＡＰ本部統合Ｐ局高木（宏）チーム,,0,20082000,121
4,20083000,3,20080000,澤チーム（大阪駐在）,64,9999,2,293,682,3248,0,0,0,0,0,株式会社  大広,東京第２ＢＡＰ本部,統合プロデュース局,澤チーム（大阪駐在）,,,,,,株式会社  大広 東京第２ＢＡＰ本部 統合プロデュース局 澤チーム（大阪駐在）,東京第２ＢＡＰ本部統合Ｐ局澤チーム（大阪駐在）,,0,20083000,122
3,20100000,2,20000000,名古屋支社,64,9999,2,293,683,0,0,0,0,0,0,株式会社  大広,東京第２ＢＡＰ本部,名古屋支社,,,,,,,株式会社  大広 東京第２ＢＡＰ本部 名古屋支社,東京第２ＢＡＰ本部名古屋支社,,0,20100000,123
4,20101000,3,20100000,加藤チーム,64,9999,2,293,683,3249,0,0,0,0,0,株式会社  大広,東京第２ＢＡＰ本部,名古屋支社,加藤チーム,,,,,,株式会社  大広 東京第２ＢＡＰ本部 名古屋支社 加藤チーム,東京第２ＢＡＰ本部名古屋支社加藤チーム,,0,20101000,124
4,20102000,3,20100000,野田チーム,64,9999,2,293,683,3250,0,0,0,0,0,株式会社  大広,東京第２ＢＡＰ本部,名古屋支社,野田チーム,,,,,,株式会社  大広 東京第２ＢＡＰ本部 名古屋支社 野田チーム,東京第２ＢＡＰ本部名古屋支社野田チーム,,0,20102000,125
4,20103000,3,20100000,宗像チーム,64,9999,2,293,683,3251,0,0,0,0,0,株式会社  大広,東京第２ＢＡＰ本部,名古屋支社,宗像チーム,,,,,,株式会社  大広 東京第２ＢＡＰ本部 名古屋支社 宗像チーム,東京第２ＢＡＰ本部名古屋支社宗像チーム,,0,20103000,126
4,22041000,2,20000000,デジタルメディアチーム,64,9999,2,293,0,3345,0,0,0,0,0,株式会社  大広,東京第２ＢＡＰ本部,,デジタルメディアチーム,,,,,,株式会社  大広 東京第２ＢＡＰ本部 デジタルメディアチーム,東京第２ＢＡＰ本部デジタルメディアチーム,,0,22041000,127
5,22041001,4,22041000,付（ＤＡＣ出向）,64,9999,2,293,0,3345,883,0,0,0,0,株式会社  大広,東京第２ＢＡＰ本部,,デジタルメディアチーム,付（ＤＡＣ出向）,,,,,株式会社  大広 東京第２ＢＡＰ本部 デジタルメディアチーム 付（ＤＡＣ出向）,東京第２ＢＡＰ本部ＤＭＴ付（ＤＡＣ出向）,,0,22041001,128
5,22043000,4,22041000,付（出向休職）,64,9999,2,293,0,3345,878,0,0,0,0,株式会社  大広,東京第２ＢＡＰ本部,,デジタルメディアチーム,付（出向休職）,,,,,株式会社  大広 東京第２ＢＡＰ本部 デジタルメディアチーム 付（出向休職）,東京第２ＢＡＰ本部ＤＭチーム付（出向休職）,,0,22043000,129
6,22043001,5,22043000,（ＤＡＣ）,64,9999,2,293,0,3345,878,9,0,0,0,株式会社  大広,東京第２ＢＡＰ本部,,デジタルメディアチーム,付（出向休職）,（ＤＡＣ）,,,,株式会社  大広 東京第２ＢＡＰ本部 デジタルメディアチーム 付（出向休職） （ＤＡＣ）,東京第２ＢＡＰ本部ＤＭＴ付（出向休職）（ＤＡＣ）,,0,22043001,130
2,24000000,1,00000001,大阪ＢＡＰ本部,64,9999,2,294,0,0,0,0,0,0,0,株式会社  大広,大阪ＢＡＰ本部,,,,,,,,株式会社  大広 大阪ＢＡＰ本部,大阪ＢＡＰ本部,,0,24000000,131
3,24020000,2,24000000,第１プロデュース局,64,9999,2,294,685,0,0,0,0,0,0,株式会社  大広,大阪ＢＡＰ本部,第１プロデュース局,,,,,,,株式会社  大広 大阪ＢＡＰ本部 第１プロデュース局,大阪ＢＡＰ本部第１プロデュース局,,0,24020000,132
4,24021000,3,24020000,山内チーム,64,9999,2,294,685,3252,0,0,0,0,0,株式会社  大広,大阪ＢＡＰ本部,第１プロデュース局,山内チーム,,,,,,株式会社  大広 大阪ＢＡＰ本部 第１プロデュース局 山内チーム,大阪ＢＡＰ本部第１Ｐ局山内チーム,,0,24021000,133
5,24022000,4,24021000,（東京駐在）,64,9999,2,294,685,3252,841,0,0,0,0,株式会社  大広,大阪ＢＡＰ本部,第１プロデュース局,山内チーム,（東京駐在）,,,,,株式会社  大広 大阪ＢＡＰ本部 第１プロデュース局 山内チーム （東京駐在）,大阪ＢＡＰ本部第１Ｐ局山内チーム（東京駐在）,,0,24022000,134
4,24023000,3,24020000,新村チーム,64,9999,2,294,685,3253,0,0,0,0,0,株式会社  大広,大阪ＢＡＰ本部,第１プロデュース局,新村チーム,,,,,,株式会社  大広 大阪ＢＡＰ本部 第１プロデュース局 新村チーム,大阪ＢＡＰ本部第１Ｐ局新村チーム,,0,24023000,135
4,24024000,3,24020000,足立チーム,64,9999,2,294,685,3254,0,0,0,0,0,株式会社  大広,大阪ＢＡＰ本部,第１プロデュース局,足立チーム,,,,,,株式会社  大広 大阪ＢＡＰ本部 第１プロデュース局 足立チーム,大阪ＢＡＰ本部第１Ｐ局足立チーム,,0,24024000,136
3,24040000,2,24000000,第２プロデュース局,64,9999,2,294,686,0,0,0,0,0,0,株式会社  大広,大阪ＢＡＰ本部,第２プロデュース局,,,,,,,株式会社  大広 大阪ＢＡＰ本部 第２プロデュース局,大阪ＢＡＰ本部第２プロデュース局,,0,24040000,137
4,24041000,3,24040000,菅チーム,64,9999,2,294,686,3255,0,0,0,0,0,株式会社  大広,大阪ＢＡＰ本部,第２プロデュース局,菅チーム,,,,,,株式会社  大広 大阪ＢＡＰ本部 第２プロデュース局 菅チーム,大阪ＢＡＰ本部第２Ｐ局菅チーム,,0,24041000,138
4,24042000,3,24040000,碇チーム,64,9999,2,294,686,3256,0,0,0,0,0,株式会社  大広,大阪ＢＡＰ本部,第２プロデュース局,碇チーム,,,,,,株式会社  大広 大阪ＢＡＰ本部 第２プロデュース局 碇チーム,大阪ＢＡＰ本部第２Ｐ局碇チーム,,0,24042000,139
4,24043000,3,24040000,大畠チーム,64,9999,2,294,686,3257,0,0,0,0,0,株式会社  大広,大阪ＢＡＰ本部,第２プロデュース局,大畠チーム,,,,,,株式会社  大広 大阪ＢＡＰ本部 第２プロデュース局 大畠チーム,大阪ＢＡＰ本部第２Ｐ局大畠チーム,,0,24043000,140
3,24060000,2,24000000,第３プロデュース局（神戸支社）,64,9999,2,294,687,0,0,0,0,0,0,株式会社  大広,大阪ＢＡＰ本部,第３プロデュース局（神戸支社）,,,,,,,株式会社  大広 大阪ＢＡＰ本部 第３プロデュース局（神戸支社）,大阪ＢＡＰ本部第３プロデュース局（神戸支社）,,0,24060000,141
4,24061000,3,24060000,浅井チーム,64,9999,2,294,687,3259,0,0,0,0,0,株式会社  大広,大阪ＢＡＰ本部,第３プロデュース局（神戸支社）,浅井チーム,,,,,,株式会社  大広 大阪ＢＡＰ本部 第３プロデュース局（神戸支社） 浅井チーム,大阪ＢＡＰ本部第３Ｐ局（神戸支社）浅井チーム,,0,24061000,142
4,24062000,3,24060000,永井チーム,64,9999,2,294,687,3260,0,0,0,0,0,株式会社  大広,大阪ＢＡＰ本部,第３プロデュース局（神戸支社）,永井チーム,,,,,,株式会社  大広 大阪ＢＡＰ本部 第３プロデュース局（神戸支社） 永井チーム,大阪ＢＡＰ本部第３Ｐ局（神戸支社）永井チーム,,0,24062000,143
4,24063000,3,24060000,姫路支局,64,9999,2,294,687,3261,0,0,0,0,0,株式会社  大広,大阪ＢＡＰ本部,第３プロデュース局（神戸支社）,姫路支局,,,,,,株式会社  大広 大阪ＢＡＰ本部 第３プロデュース局（神戸支社） 姫路支局,大阪ＢＡＰ本部第３Ｐ局（神戸支社）姫路支局,,0,24063000,144
3,24080000,2,24000000,第４プロデュース局（京都支社）,64,9999,2,294,688,0,0,0,0,0,0,株式会社  大広,大阪ＢＡＰ本部,第４プロデュース局（京都支社）,,,,,,,株式会社  大広 大阪ＢＡＰ本部 第４プロデュース局（京都支社）,大阪ＢＡＰ本部第４プロデュース局（京都支社）,,0,24080000,145
4,24081000,3,24080000,田中（靖）チーム,64,9999,2,294,688,3258,0,0,0,0,0,株式会社  大広,大阪ＢＡＰ本部,第４プロデュース局（京都支社）,田中（靖）チーム,,,,,,株式会社  大広 大阪ＢＡＰ本部 第４プロデュース局（京都支社） 田中（靖）チーム,大阪ＢＡＰ本部第４Ｐ局（京都支社）田中（靖）チーム,,0,24081000,146
4,24082000,3,24080000,中川（敬）チーム,64,9999,2,294,688,3262,0,0,0,0,0,株式会社  大広,大阪ＢＡＰ本部,第４プロデュース局（京都支社）,中川（敬）チーム,,,,,,株式会社  大広 大阪ＢＡＰ本部 第４プロデュース局（京都支社） 中川（敬）チーム,大阪ＢＡＰ本部第４Ｐ局（京都支社）中川（敬）チーム,,0,24082000,147
3,24100000,2,24000000,第５プロデュース局,64,9999,2,294,689,0,0,0,0,0,0,株式会社  大広,大阪ＢＡＰ本部,第５プロデュース局,,,,,,,株式会社  大広 大阪ＢＡＰ本部 第５プロデュース局,大阪ＢＡＰ本部第５プロデュース局,,0,24100000,148
4,24101000,3,24100000,別所チーム,64,9999,2,294,689,3263,0,0,0,0,0,株式会社  大広,大阪ＢＡＰ本部,第５プロデュース局,別所チーム,,,,,,株式会社  大広 大阪ＢＡＰ本部 第５プロデュース局 別所チーム,大阪ＢＡＰ本部第５Ｐ局別所チーム,,0,24101000,149
4,24102000,3,24100000,榊チーム,64,9999,2,294,689,3264,0,0,0,0,0,株式会社  大広,大阪ＢＡＰ本部,第５プロデュース局,榊チーム,,,,,,株式会社  大広 大阪ＢＡＰ本部 第５プロデュース局 榊チーム,大阪ＢＡＰ本部第５Ｐ局榊チーム,,0,24102000,150
3,24120000,2,24000000,統合プロデュース局,64,9999,2,294,690,0,0,0,0,0,0,株式会社  大広,大阪ＢＡＰ本部,統合プロデュース局,,,,,,,株式会社  大広 大阪ＢＡＰ本部 統合プロデュース局,大阪ＢＡＰ本部統合プロデュース局,,0,24120000,151
4,24121000,3,24120000,中井チーム,64,9999,2,294,690,3265,0,0,0,0,0,株式会社  大広,大阪ＢＡＰ本部,統合プロデュース局,中井チーム,,,,,,株式会社  大広 大阪ＢＡＰ本部 統合プロデュース局 中井チーム,大阪ＢＡＰ本部統合Ｐ局中井チーム,,0,24121000,152
5,24122000,4,24121000,（東京駐在）,64,9999,2,294,690,3265,842,0,0,0,0,株式会社  大広,大阪ＢＡＰ本部,統合プロデュース局,中井チーム,（東京駐在）,,,,,株式会社  大広 大阪ＢＡＰ本部 統合プロデュース局 中井チーム （東京駐在）,大阪ＢＡＰ本部統合Ｐ局中井チーム（東京駐在）,,0,24122000,153
4,26021000,3,24120000,小山（陽）チーム,64,9999,2,294,690,3266,0,0,0,0,0,株式会社  大広,大阪ＢＡＰ本部,統合プロデュース局,小山（陽）チーム,,,,,,株式会社  大広 大阪ＢＡＰ本部 統合プロデュース局 小山（陽）チーム,大阪ＢＡＰ本部統合Ｐ局小山（陽）チーム,,0,26021000,154
4,26041000,2,24000000,デジタルメディアチーム,64,9999,2,294,0,3268,0,0,0,0,0,株式会社  大広,大阪ＢＡＰ本部,,デジタルメディアチーム,,,,,,株式会社  大広 大阪ＢＡＰ本部 デジタルメディアチーム,大阪ＢＡＰ本部デジタルメディアチーム,,0,26041000,155
2,32000000,1,00000001,グローバルビジネス本部,64,9999,2,295,0,0,0,0,0,0,0,株式会社  大広,グローバルビジネス本部,,,,,,,,株式会社  大広 グローバルビジネス本部,グローバルビジネス本部,,0,32000000,156
3,32020000,2,32000000,国際局,64,9999,2,295,692,0,0,0,0,0,0,株式会社  大広,グローバルビジネス本部,国際局,,,,,,,株式会社  大広 グローバルビジネス本部 国際局,グローバルビジネス本部国際局,,0,32020000,157
4,34021000,3,32020000,ビジネス開発チーム,64,9999,2,295,692,3269,0,0,0,0,0,株式会社  大広,グローバルビジネス本部,国際局,ビジネス開発チーム,,,,,,株式会社  大広 グローバルビジネス本部 国際局 ビジネス開発チーム,グローバルビジネス本部国際局ビジネス開発チーム,,0,34021000,158
4,32021000,3,32020000,プランニングチーム,64,9999,2,295,692,3270,0,0,0,0,0,株式会社  大広,グローバルビジネス本部,国際局,プランニングチーム,,,,,,株式会社  大広 グローバルビジネス本部 国際局 プランニングチーム,グローバルビジネス本部国際局プランニングチーム,,0,32021000,159
5,32022000,4,32021000,（大阪駐在）,64,9999,2,295,692,3270,843,0,0,0,0,株式会社  大広,グローバルビジネス本部,国際局,プランニングチーム,（大阪駐在）,,,,,株式会社  大広 グローバルビジネス本部 国際局 プランニングチーム （大阪駐在）,グローバルＢ本部国際局プランニングＴ（大阪駐在）,,0,32022000,160
4,32020010,3,32020000,付（アドプラネット大広出向）,64,9999,2,295,692,3271,0,0,0,0,0,株式会社  大広,グローバルビジネス本部,国際局,付（アドプラネット大広出向）,,,,,,株式会社  大広 グローバルビジネス本部 国際局 付（アドプラネット大広出向）,グローバルビジネス本部国際局付（アドプラ出向）,,0,32020010,161
4,32024000,3,32020000,付（出向休職）,64,9999,2,295,692,3272,0,0,0,0,0,株式会社  大広,グローバルビジネス本部,国際局,付（出向休職）,,,,,,株式会社  大広 グローバルビジネス本部 国際局 付（出向休職）,グローバルビジネス本部国際局付（出向休職）,,0,32024000,162
5,32024002,4,32024000,（大広（中国）広告有限公司）,64,9999,2,295,692,3272,844,0,0,0,0,株式会社  大広,グローバルビジネス本部,国際局,付（出向休職）,（大広（中国）広告有限公司）,,,,,株式会社  大広 グローバルビジネス本部 国際局 付（出向休職） （大広（中国）広告有限公司）,グローバルＢ本部国際局付（出向休職）（中国）,,0,32024002,163
5,32024007,4,32024000,（大広ベトナム）,64,9999,2,295,692,3272,845,0,0,0,0,株式会社  大広,グローバルビジネス本部,国際局,付（出向休職）,（大広ベトナム）,,,,,株式会社  大広 グローバルビジネス本部 国際局 付（出向休職） （大広ベトナム）,グローバルＢ本部国際局付（出向休職）（ベトナム）,,0,32024007,164
5,32024013,4,32024000,（大広メコン・コミュニケーションズ）,64,9999,2,295,692,3272,846,0,0,0,0,株式会社  大広,グローバルビジネス本部,国際局,付（出向休職）,（大広メコン・コミュニケーションズ）,,,,,株式会社  大広 グローバルビジネス本部 国際局 付（出向休職） （大広メコン・コミュニケーションズ）,グローバルＢ本部国際局付（出向休職）（メコン）,,0,32024013,165
5,32024008,4,32024000,（大広インド）,64,9999,2,295,692,3272,847,0,0,0,0,株式会社  大広,グローバルビジネス本部,国際局,付（出向休職）,（大広インド）,,,,,株式会社  大広 グローバルビジネス本部 国際局 付（出向休職） （大広インド）,グローバルＢ本部国際局付（出向休職）（インド）,,0,32024008,166
5,32024014,4,32024000,（大広ＦＨＯ）,64,9999,2,295,692,3272,848,0,0,0,0,株式会社  大広,グローバルビジネス本部,国際局,付（出向休職）,（大広ＦＨＯ）,,,,,株式会社  大広 グローバルビジネス本部 国際局 付（出向休職） （大広ＦＨＯ）,グローバルＢ本部国際局付（出向休職）（大広ＦＨＯ）,,0,32024014,167
5,32024010,4,32024000,（アドプラネット大広）,64,9999,2,295,692,3272,849,0,0,0,0,株式会社  大広,グローバルビジネス本部,国際局,付（出向休職）,（アドプラネット大広）,,,,,株式会社  大広 グローバルビジネス本部 国際局 付（出向休職） （アドプラネット大広）,グローバルＢ本部国際局付（出向休職）（アドプラ）,,0,32024010,168
6,32024011,5,32024010,（インドネシア駐在）,64,9999,2,295,692,3272,849,7,0,0,0,株式会社  大広,グローバルビジネス本部,国際局,付（出向休職）,（アドプラネット大広）,（インドネシア駐在）,,,,株式会社  大広 グローバルビジネス本部 国際局 付（出向休職） （アドプラネット大広） （インドネシア駐在）,ＧＢ本部国際局付（出向休職）（インドネシア駐在）,,0,32024011,169
6,32024012,5,32024010,（シンガポール駐在）,64,9999,2,295,692,3272,849,8,0,0,0,株式会社  大広,グローバルビジネス本部,国際局,付（出向休職）,（アドプラネット大広）,（シンガポール駐在）,,,,株式会社  大広 グローバルビジネス本部 国際局 付（出向休職） （アドプラネット大広） （シンガポール駐在）,ＧＢ本部国際局付（出向休職）（シンガポール駐在）,,0,32024012,170
2,12000000,1,00000001,ＢＡＰ統括本部,64,9999,2,296,0,0,0,0,0,0,0,株式会社  大広,ＢＡＰ統括本部,,,,,,,,株式会社  大広 ＢＡＰ統括本部,ＢＡＰ統括本部,,0,12000000,171
3,12020000,2,12000000,プロデュース統括局,64,9999,2,296,695,0,0,0,0,0,0,株式会社  大広,ＢＡＰ統括本部,プロデュース統括局,,,,,,,株式会社  大広 ＢＡＰ統括本部 プロデュース統括局,ＢＡＰ統括本部プロデュース統括局,,0,12020000,172
4,12020001,3,12020000,付,64,9999,2,296,695,3355,0,0,0,0,0,株式会社  大広,ＢＡＰ統括本部,プロデュース統括局,付,,,,,,株式会社  大広 ＢＡＰ統括本部 プロデュース統括局 付,ＢＡＰ統括本部プロデュース統括局付,,0,12020001,173
4,12021000,3,12020000,統括チーム,64,9999,2,296,695,3274,0,0,0,0,0,株式会社  大広,ＢＡＰ統括本部,プロデュース統括局,統括チーム,,,,,,株式会社  大広 ＢＡＰ統括本部 プロデュース統括局 統括チーム,ＢＡＰ統括本部Ｐ統括局統括チーム,,0,12021000,174
4,12020002,3,12020000,付（アド大広名古屋出向）,64,9999,2,296,695,3275,0,0,0,0,0,株式会社  大広,ＢＡＰ統括本部,プロデュース統括局,付（アド大広名古屋出向）,,,,,,株式会社  大広 ＢＡＰ統括本部 プロデュース統括局 付（アド大広名古屋出向）,ＢＡＰ統括本部Ｐ統括局付（アド大広名古屋出向）,,0,12020002,175
4,12020007,3,12020000,付（朝日エリア・アド出向）,64,9999,2,296,695,3354,0,0,0,0,0,株式会社  大広,ＢＡＰ統括本部,プロデュース統括局,付（朝日エリア・アド出向）,,,,,,株式会社  大広 ＢＡＰ統括本部 プロデュース統括局 付（朝日エリア・アド出向）,ＢＡＰ統括本部プロデュース統括局付（ＡＡＡ出向）,,0,12020007,176
4,12020008,3,12020000,付（博報堂出向）,64,9999,2,296,695,3276,0,0,0,0,0,株式会社  大広,ＢＡＰ統括本部,プロデュース統括局,付（博報堂出向）,,,,,,株式会社  大広 ＢＡＰ統括本部 プロデュース統括局 付（博報堂出向）,ＢＡＰ統括本部Ｐ統括局付（博報堂出向）,,0,12020008,177
4,12022000,3,12020000,付（出向休職）,64,9999,2,296,695,3277,0,0,0,0,0,株式会社  大広,ＢＡＰ統括本部,プロデュース統括局,付（出向休職）,,,,,,株式会社  大広 ＢＡＰ統括本部 プロデュース統括局 付（出向休職）,ＢＡＰ統括本部Ｐ統括局付（出向休職）,,0,12022000,178
5,12022001,4,12022000,（博報堂ＤＹホールディングス）,64,9999,2,296,695,3277,850,0,0,0,0,株式会社  大広,ＢＡＰ統括本部,プロデュース統括局,付（出向休職）,（博報堂ＤＹホールディングス）,,,,,株式会社  大広 ＢＡＰ統括本部 プロデュース統括局 付（出向休職） （博報堂ＤＹホールディングス）,ＢＡＰ統括本部Ｐ統括局付（出向休職）（ＨＣ）,,0,12022001,179
5,12022002,4,12022000,（博報堂ＤＹメディアパートナーズ）,64,9999,2,296,695,3277,851,0,0,0,0,株式会社  大広,ＢＡＰ統括本部,プロデュース統括局,付（出向休職）,（博報堂ＤＹメディアパートナーズ）,,,,,株式会社  大広 ＢＡＰ統括本部 プロデュース統括局 付（出向休職） （博報堂ＤＹメディアパートナーズ）,ＢＡＰ統括本部Ｐ統括局付（出向休職）（ＭＰ）,,0,12022002,180
5,12022003,4,12022000,（大広メディアックス）,64,9999,2,296,695,3277,852,0,0,0,0,株式会社  大広,ＢＡＰ統括本部,プロデュース統括局,付（出向休職）,（大広メディアックス）,,,,,株式会社  大広 ＢＡＰ統括本部 プロデュース統括局 付（出向休職） （大広メディアックス）,ＢＡＰ統括本部Ｐ統括局付（出向休職）（ＭＤＡＸ）,,0,12022003,181
5,12022004,4,12022000,（大広西日本）,64,9999,2,296,695,3277,853,0,0,0,0,株式会社  大広,ＢＡＰ統括本部,プロデュース統括局,付（出向休職）,（大広西日本）,,,,,株式会社  大広 ＢＡＰ統括本部 プロデュース統括局 付（出向休職） （大広西日本）,ＢＡＰ統括本部Ｐ統括局付（出向休職）（西日本）,,0,12022004,182
5,12022005,4,12022000,（大広九州）,64,9999,2,296,695,3277,854,0,0,0,0,株式会社  大広,ＢＡＰ統括本部,プロデュース統括局,付（出向休職）,（大広九州）,,,,,株式会社  大広 ＢＡＰ統括本部 プロデュース統括局 付（出向休職） （大広九州）,ＢＡＰ統括本部Ｐ統括局付（出向休職）（九州）,,0,12022005,183
5,12022006,4,12022000,（博報堂）,64,9999,2,296,695,3277,855,0,0,0,0,株式会社  大広,ＢＡＰ統括本部,プロデュース統括局,付（出向休職）,（博報堂）,,,,,株式会社  大広 ＢＡＰ統括本部 プロデュース統括局 付（出向休職） （博報堂）,ＢＡＰ統括本部Ｐ統括局付（出向休職）（博報堂）,,0,12022006,184
5,12022008,4,12022000,（朝日エリア・アド）,64,9999,2,296,695,3277,875,0,0,0,0,株式会社  大広,ＢＡＰ統括本部,プロデュース統括局,付（出向休職）,（朝日エリア・アド）,,,,,株式会社  大広 ＢＡＰ統括本部 プロデュース統括局 付（出向休職） （朝日エリア・アド）,ＢＡＰ統括本部Ｐ統括局付（出向休職）（ＡＡＡ）,,0,12022008,185
3,12100000,2,12000000,ネットワーク統括局,64,9999,2,296,696,0,0,0,0,0,0,株式会社  大広,ＢＡＰ統括本部,ネットワーク統括局,,,,,,,株式会社  大広 ＢＡＰ統括本部 ネットワーク統括局,ＢＡＰ統括本部ネットワーク統括局,,0,12100000,186
4,12101000,3,12100000,統括チーム,64,9999,2,296,696,3278,0,0,0,0,0,株式会社  大広,ＢＡＰ統括本部,ネットワーク統括局,統括チーム,,,,,,株式会社  大広 ＢＡＰ統括本部 ネットワーク統括局 統括チーム,ＢＡＰ統括本部ＮＷ統括局統括チーム,,0,12101000,187
4,14021000,3,12100000,国内ネットワーク業務推進チーム,64,9999,2,296,696,3279,0,0,0,0,0,株式会社  大広,ＢＡＰ統括本部,ネットワーク統括局,国内ネットワーク業務推進チーム,,,,,,株式会社  大広 ＢＡＰ統括本部 ネットワーク統括局 国内ネットワーク業務推進チーム,ＢＡＰ統括本部ＮＷ統括局国内ＮＷ業務推進チーム,,0,14021000,188
4,14022000,3,12100000,付（出向休職）,64,9999,2,296,696,3280,0,0,0,0,0,株式会社  大広,ＢＡＰ統括本部,ネットワーク統括局,付（出向休職）,,,,,,株式会社  大広 ＢＡＰ統括本部 ネットワーク統括局 付（出向休職）,ＢＡＰ統括本部ネットワーク統括局付（出向休職）,,0,14022000,189
5,14022006,4,14022000,（朝日エリア・アド）,64,9999,2,296,696,3280,856,0,0,0,0,株式会社  大広,ＢＡＰ統括本部,ネットワーク統括局,付（出向休職）,（朝日エリア・アド）,,,,,株式会社  大広 ＢＡＰ統括本部 ネットワーク統括局 付（出向休職） （朝日エリア・アド）,ＢＡＰ統括本部ＮＷク統括局付（出向休職）（ＡＡＡ）,,0,14022006,190
3,12060000,2,12000000,東京計画局,64,9999,2,296,697,0,0,0,0,0,0,株式会社  大広,ＢＡＰ統括本部,東京計画局,,,,,,,株式会社  大広 ＢＡＰ統括本部 東京計画局,ＢＡＰ統括本部東京計画局,,0,12060000,191
4,12061000,3,12060000,第１計画チーム,64,9999,2,296,697,3281,0,0,0,0,0,株式会社  大広,ＢＡＰ統括本部,東京計画局,第１計画チーム,,,,,,株式会社  大広 ＢＡＰ統括本部 東京計画局 第１計画チーム,ＢＡＰ統括本部東京計画局第１計画チーム,,0,12061000,192
4,12062000,3,12060000,第２計画チーム,64,9999,2,296,697,3282,0,0,0,0,0,株式会社  大広,ＢＡＰ統括本部,東京計画局,第２計画チーム,,,,,,株式会社  大広 ＢＡＰ統括本部 東京計画局 第２計画チーム,ＢＡＰ統括本部東京計画局第２計画チーム,,0,12062000,193
5,12063000,4,12062000,（名古屋駐在）,64,9999,2,296,697,3282,857,0,0,0,0,株式会社  大広,ＢＡＰ統括本部,東京計画局,第２計画チーム,（名古屋駐在）,,,,,株式会社  大広 ＢＡＰ統括本部 東京計画局 第２計画チーム （名古屋駐在）,ＢＡＰ統括本部東京計画局第２計画Ｔ（名古屋駐在）,,0,12063000,194
3,12080000,2,12000000,大阪計画局,64,9999,2,296,698,0,0,0,0,0,0,株式会社  大広,ＢＡＰ統括本部,大阪計画局,,,,,,,株式会社  大広 ＢＡＰ統括本部 大阪計画局,ＢＡＰ統括本部大阪計画局,,0,12080000,195
4,12081000,3,12080000,計画チーム,64,9999,2,296,698,3283,0,0,0,0,0,株式会社  大広,ＢＡＰ統括本部,大阪計画局,計画チーム,,,,,,株式会社  大広 ＢＡＰ統括本部 大阪計画局 計画チーム,ＢＡＰ統括本部大阪計画局計画チーム,,0,12081000,196
4,12080002,3,12080000,付（大広関西出向）,64,9999,2,296,698,3284,0,0,0,0,0,株式会社  大広,ＢＡＰ統括本部,大阪計画局,付（大広関西出向）,,,,,,株式会社  大広 ＢＡＰ統括本部 大阪計画局 付（大広関西出向）,ＢＡＰ統括本部大阪計画局付（大広関西出向）,,0,12080002,197
2,28000000,1,00000001,顧客価値開発本部,64,9999,2,297,0,0,0,0,0,0,0,株式会社  大広,顧客価値開発本部,,,,,,,,株式会社  大広 顧客価値開発本部,顧客価値開発本部,,0,28000000,198
3,28020000,2,28000000,東京顧客発掘局,64,9999,2,297,699,0,0,0,0,0,0,株式会社  大広,顧客価値開発本部,東京顧客発掘局,,,,,,,株式会社  大広 顧客価値開発本部 東京顧客発掘局,顧客価値開発本部東京顧客発掘局,,0,28020000,199
4,28021000,3,28020000,鈴木（良）チーム,64,9999,2,297,699,3285,0,0,0,0,0,株式会社  大広,顧客価値開発本部,東京顧客発掘局,鈴木（良）チーム,,,,,,株式会社  大広 顧客価値開発本部 東京顧客発掘局 鈴木（良）チーム,顧客価値開発本部東京顧客発掘局鈴木（良）チーム,,0,28021000,200
4,28022000,3,28020000,中野（聡）チーム,64,9999,2,297,699,3286,0,0,0,0,0,株式会社  大広,顧客価値開発本部,東京顧客発掘局,中野（聡）チーム,,,,,,株式会社  大広 顧客価値開発本部 東京顧客発掘局 中野（聡）チーム,顧客価値開発本部東京顧客発掘局中野（聡）チーム,,0,28022000,201
4,28024000,3,28020000,メディアプロデュースチーム,64,9999,2,297,699,3287,0,0,0,0,0,株式会社  大広,顧客価値開発本部,東京顧客発掘局,メディアプロデュースチーム,,,,,,株式会社  大広 顧客価値開発本部 東京顧客発掘局 メディアプロデュースチーム,顧客価値開発本部東京顧客発掘局メディアＰチーム,,0,28024000,202
5,28025000,4,28024000,（名古屋駐在）,64,9999,2,297,699,3287,858,0,0,0,0,株式会社  大広,顧客価値開発本部,東京顧客発掘局,メディアプロデュースチーム,（名古屋駐在）,,,,,株式会社  大広 顧客価値開発本部 東京顧客発掘局 メディアプロデュースチーム （名古屋駐在）,顧客開発本部東京発掘局メディアＰＴ（名古屋駐在）,,0,28025000,203
4,28026000,3,28020000,露チーム（名古屋駐在）,64,9999,2,297,699,3288,0,0,0,0,0,株式会社  大広,顧客価値開発本部,東京顧客発掘局,露チーム（名古屋駐在）,,,,,,株式会社  大広 顧客価値開発本部 東京顧客発掘局 露チーム（名古屋駐在）,顧客開発本部東京発掘局露チーム（名古屋駐在）,,0,28026000,204
4,28023000,3,28020000,データドリブンサービス開発チーム,64,9999,2,297,699,3289,0,0,0,0,0,株式会社  大広,顧客価値開発本部,東京顧客発掘局,データドリブンサービス開発チーム,,,,,,株式会社  大広 顧客価値開発本部 東京顧客発掘局 データドリブンサービス開発チーム,顧客開発本部東京発掘局データドリブンサービス開発Ｔ,,0,28023000,205
4,28020002,3,28020000,付（博報堂ＤＹメディアパートナーズ出向）,64,9999,2,297,699,3290,0,0,0,0,0,株式会社  大広,顧客価値開発本部,東京顧客発掘局,付（博報堂ＤＹメディアパートナーズ出向）,,,,,,株式会社  大広 顧客価値開発本部 東京顧客発掘局 付（博報堂ＤＹメディアパートナーズ出向）,顧客価値開発本部東京顧客発掘局付（ＭＰ出向）,,0,28020002,206
4,28020003,3,28020000,付（ＤＡＣ出向）,64,9999,2,297,699,3291,0,0,0,0,0,株式会社  大広,顧客価値開発本部,東京顧客発掘局,付（ＤＡＣ出向）,,,,,,株式会社  大広 顧客価値開発本部 東京顧客発掘局 付（ＤＡＣ出向）,顧客価値開発本部東京顧客発掘局付（ＤＡＣ出向）,,0,28020003,207
4,28027000,3,28020000,付（出向休職）,64,9999,2,297,699,3353,0,0,0,0,0,株式会社  大広,顧客価値開発本部,東京顧客発掘局,付（出向休職）,,,,,,株式会社  大広 顧客価値開発本部 東京顧客発掘局 付（出向休職）,顧客価値開発本部東京顧客発掘局付（出向休職）,,0,28027000,208
5,28027001,4,28027000,（博報堂ＤＹメディアパートナーズ）,64,9999,2,297,699,3353,880,0,0,0,0,株式会社  大広,顧客価値開発本部,東京顧客発掘局,付（出向休職）,（博報堂ＤＹメディアパートナーズ）,,,,,株式会社  大広 顧客価値開発本部 東京顧客発掘局 付（出向休職） （博報堂ＤＹメディアパートナーズ）,顧客開発本部東京発掘局付（出向休職）（ＭＰ）,,0,28027001,209
3,28120000,2,28000000,大阪顧客発掘局,64,9999,2,297,701,0,0,0,0,0,0,株式会社  大広,顧客価値開発本部,大阪顧客発掘局,,,,,,,株式会社  大広 顧客価値開発本部 大阪顧客発掘局,顧客価値開発本部大阪顧客発掘局,,0,28120000,210
4,28121000,3,28120000,谷口（智）チーム,64,9999,2,297,701,3292,0,0,0,0,0,株式会社  大広,顧客価値開発本部,大阪顧客発掘局,谷口（智）チーム,,,,,,株式会社  大広 顧客価値開発本部 大阪顧客発掘局 谷口（智）チーム,顧客価値開発本部大阪顧客発掘局谷口（智）チーム,,0,28121000,211
4,28122000,3,28120000,細井チーム,64,9999,2,297,701,3293,0,0,0,0,0,株式会社  大広,顧客価値開発本部,大阪顧客発掘局,細井チーム,,,,,,株式会社  大広 顧客価値開発本部 大阪顧客発掘局 細井チーム,顧客価値開発本部大阪顧客発掘局細井チーム,,0,28122000,212
4,28124000,3,28120000,メディアプロデュースチーム,64,9999,2,297,701,3294,0,0,0,0,0,株式会社  大広,顧客価値開発本部,大阪顧客発掘局,メディアプロデュースチーム,,,,,,株式会社  大広 顧客価値開発本部 大阪顧客発掘局 メディアプロデュースチーム,顧客価値開発本部大阪顧客発掘局メディアＰチーム,,0,28124000,213
4,28123000,3,28120000,データドリブンサービス開発チーム,64,9999,2,297,701,3295,0,0,0,0,0,株式会社  大広,顧客価値開発本部,大阪顧客発掘局,データドリブンサービス開発チーム,,,,,,株式会社  大広 顧客価値開発本部 大阪顧客発掘局 データドリブンサービス開発チーム,顧客開発本部大阪発掘局データドリブンサービス開発Ｔ,,0,28123000,214
4,28120002,3,28120000,付（博報堂ＤＹメディアパートナーズ出向）,64,9999,2,297,701,3350,0,0,0,0,0,株式会社  大広,顧客価値開発本部,大阪顧客発掘局,付（博報堂ＤＹメディアパートナーズ出向）,,,,,,株式会社  大広 顧客価値開発本部 大阪顧客発掘局 付（博報堂ＤＹメディアパートナーズ出向）,顧客価値開発本部大阪顧客発掘局付（ＭＰ出向）,,0,28120002,215
4,28120003,3,28120000,付（ＤＡＣ出向）,64,9999,2,297,701,3296,0,0,0,0,0,株式会社  大広,顧客価値開発本部,大阪顧客発掘局,付（ＤＡＣ出向）,,,,,,株式会社  大広 顧客価値開発本部 大阪顧客発掘局 付（ＤＡＣ出向）,顧客価値開発本部大阪顧客発掘局付（ＤＡＣ出向）,,0,28120003,216
4,28125000,3,28120000,付（出向休職）,64,9999,2,297,701,3297,0,0,0,0,0,株式会社  大広,顧客価値開発本部,大阪顧客発掘局,付（出向休職）,,,,,,株式会社  大広 顧客価値開発本部 大阪顧客発掘局 付（出向休職）,顧客価値開発本部大阪顧客発掘局付（出向休職）,,0,28125000,217
5,28125001,4,28125000,（博報堂ＤＹメディアパートナーズ）,64,9999,2,297,701,3297,860,0,0,0,0,株式会社  大広,顧客価値開発本部,大阪顧客発掘局,付（出向休職）,（博報堂ＤＹメディアパートナーズ）,,,,,株式会社  大広 顧客価値開発本部 大阪顧客発掘局 付（出向休職） （博報堂ＤＹメディアパートナーズ）,顧客開発本部大阪発掘局付（出向休職）（ＭＰ）,,0,28125001,218
5,28125002,4,28125000,（ＤＡＣ）,64,9999,2,297,701,3297,861,0,0,0,0,株式会社  大広,顧客価値開発本部,大阪顧客発掘局,付（出向休職）,（ＤＡＣ）,,,,,株式会社  大広 顧客価値開発本部 大阪顧客発掘局 付（出向休職） （ＤＡＣ）,顧客開発本部大阪発掘局付（出向休職）（ＤＡＣ）,,0,28125002,219
3,28040000,2,28000000,東京第１顧客獲得局,64,9999,2,297,702,0,0,0,0,0,0,株式会社  大広,顧客価値開発本部,東京第１顧客獲得局,,,,,,,株式会社  大広 顧客価値開発本部 東京第１顧客獲得局,顧客価値開発本部東京第１顧客獲得局,,0,28040000,220
4,28040001,3,28040000,付,64,9999,2,297,702,3298,0,0,0,0,0,株式会社  大広,顧客価値開発本部,東京第１顧客獲得局,付,,,,,,株式会社  大広 顧客価値開発本部 東京第１顧客獲得局 付,顧客価値開発本部東京第１顧客獲得局付,,0,28040001,221
4,28042000,3,28040000,原田チーム,64,9999,2,297,702,3299,0,0,0,0,0,株式会社  大広,顧客価値開発本部,東京第１顧客獲得局,原田チーム,,,,,,株式会社  大広 顧客価値開発本部 東京第１顧客獲得局 原田チーム,顧客価値開発本部東京第１顧客獲得局原田チーム,,0,28042000,222
4,28041000,3,28040000,半谷チーム,64,9999,2,297,702,3300,0,0,0,0,0,株式会社  大広,顧客価値開発本部,東京第１顧客獲得局,半谷チーム,,,,,,株式会社  大広 顧客価値開発本部 東京第１顧客獲得局 半谷チーム,顧客価値開発本部東京第１顧客獲得局半谷チーム,,0,28041000,223
3,28060000,2,28000000,東京第２顧客獲得局,64,9999,2,297,703,0,0,0,0,0,0,株式会社  大広,顧客価値開発本部,東京第２顧客獲得局,,,,,,,株式会社  大広 顧客価値開発本部 東京第２顧客獲得局,顧客価値開発本部東京第２顧客獲得局,,0,28060000,224
4,28061000,3,28060000,黒澤（仁）チーム,64,9999,2,297,703,3302,0,0,0,0,0,株式会社  大広,顧客価値開発本部,東京第２顧客獲得局,黒澤（仁）チーム,,,,,,株式会社  大広 顧客価値開発本部 東京第２顧客獲得局 黒澤（仁）チーム,顧客価値開発本部東京第２顧客獲得局黒澤（仁）チーム,,0,28061000,225
4,28062000,3,28060000,小澤チーム,64,9999,2,297,703,3303,0,0,0,0,0,株式会社  大広,顧客価値開発本部,東京第２顧客獲得局,小澤チーム,,,,,,株式会社  大広 顧客価値開発本部 東京第２顧客獲得局 小澤チーム,顧客価値開発本部東京第２顧客獲得局小澤チーム,,0,28062000,226
3,28080000,2,28000000,東京第３顧客獲得局,64,9999,2,297,704,0,0,0,0,0,0,株式会社  大広,顧客価値開発本部,東京第３顧客獲得局,,,,,,,株式会社  大広 顧客価値開発本部 東京第３顧客獲得局,顧客価値開発本部東京第３顧客獲得局,,0,28080000,227
4,28081000,3,28080000,染野チーム,64,9999,2,297,704,3304,0,0,0,0,0,株式会社  大広,顧客価値開発本部,東京第３顧客獲得局,染野チーム,,,,,,株式会社  大広 顧客価値開発本部 東京第３顧客獲得局 染野チーム,顧客価値開発本部東京第３顧客獲得局染野チーム,,0,28081000,228
4,28081500,3,28080000,村林チーム,64,9999,2,297,704,3305,0,0,0,0,0,株式会社  大広,顧客価値開発本部,東京第３顧客獲得局,村林チーム,,,,,,株式会社  大広 顧客価値開発本部 東京第３顧客獲得局 村林チーム,顧客価値開発本部東京第３顧客獲得局村林チーム,,0,28081500,229
4,28082000,3,28080000,佐藤（卓）チーム,64,9999,2,297,704,3306,0,0,0,0,0,株式会社  大広,顧客価値開発本部,東京第３顧客獲得局,佐藤（卓）チーム,,,,,,株式会社  大広 顧客価値開発本部 東京第３顧客獲得局 佐藤（卓）チーム,顧客価値開発本部東京第３顧客獲得局佐藤（卓）チーム,,0,28082000,230
4,28082500,3,28080000,高橋（太）チーム,64,9999,2,297,704,3307,0,0,0,0,0,株式会社  大広,顧客価値開発本部,東京第３顧客獲得局,高橋（太）チーム,,,,,,株式会社  大広 顧客価値開発本部 東京第３顧客獲得局 高橋（太）チーム,顧客価値開発本部東京第３顧客獲得局高橋（太）チーム,,0,28082500,231
4,28083000,3,28080000,小田（英）チーム,64,9999,2,297,704,3308,0,0,0,0,0,株式会社  大広,顧客価値開発本部,東京第３顧客獲得局,小田（英）チーム,,,,,,株式会社  大広 顧客価値開発本部 東京第３顧客獲得局 小田（英）チーム,顧客価値開発本部東京第３顧客獲得局小田（英）チーム,,0,28083000,232
4,28083500,3,28080000,デジタルマーケティングチーム,64,9999,2,297,704,3309,0,0,0,0,0,株式会社  大広,顧客価値開発本部,東京第３顧客獲得局,デジタルマーケティングチーム,,,,,,株式会社  大広 顧客価値開発本部 東京第３顧客獲得局 デジタルマーケティングチーム,顧客価値開発本部東京第３顧客獲得局ＤＭチーム,,0,28083500,233
4,28084000,3,28080000,成田チーム（名古屋駐在）,64,9999,2,297,704,3310,0,0,0,0,0,株式会社  大広,顧客価値開発本部,東京第３顧客獲得局,成田チーム（名古屋駐在）,,,,,,株式会社  大広 顧客価値開発本部 東京第３顧客獲得局 成田チーム（名古屋駐在）,顧客開発本部東京第３獲得局成田Ｔ（名古屋駐在）,,0,28084000,234
4,28084500,3,28080000,キャスティングチーム,64,9999,2,297,704,3311,0,0,0,0,0,株式会社  大広,顧客価値開発本部,東京第３顧客獲得局,キャスティングチーム,,,,,,株式会社  大広 顧客価値開発本部 東京第３顧客獲得局 キャスティングチーム,顧客価値開発本部東京第３顧客獲得局キャスティングＴ,,0,28084500,235
5,28085000,4,28084500,（大阪駐在）,64,9999,2,297,704,3311,862,0,0,0,0,株式会社  大広,顧客価値開発本部,東京第３顧客獲得局,キャスティングチーム,（大阪駐在）,,,,,株式会社  大広 顧客価値開発本部 東京第３顧客獲得局 キャスティングチーム （大阪駐在）,顧客開発本部東京第３獲得局ＣＡＳチーム（大阪駐在）,,0,28085000,236
4,28085500,3,28080000,付（出向休職）,64,9999,2,297,704,3312,0,0,0,0,0,株式会社  大広,顧客価値開発本部,東京第３顧客獲得局,付（出向休職）,,,,,,株式会社  大広 顧客価値開発本部 東京第３顧客獲得局 付（出向休職）,顧客価値開発本部東京第３顧客獲得局付（出向休職）,,0,28085500,237
5,28085501,4,28085500,（博報堂ＤＹメディアパートナーズ）,64,9999,2,297,704,3312,863,0,0,0,0,株式会社  大広,顧客価値開発本部,東京第３顧客獲得局,付（出向休職）,（博報堂ＤＹメディアパートナーズ）,,,,,株式会社  大広 顧客価値開発本部 東京第３顧客獲得局 付（出向休職） （博報堂ＤＹメディアパートナーズ）,顧客開発本部東京第３獲得局付（出向休職）（ＭＰ）,,0,28085501,238
5,28085502,4,28085500,（博報堂ケトル）,64,9999,2,297,704,3312,864,0,0,0,0,株式会社  大広,顧客価値開発本部,東京第３顧客獲得局,付（出向休職）,（博報堂ケトル）,,,,,株式会社  大広 顧客価値開発本部 東京第３顧客獲得局 付（出向休職） （博報堂ケトル）,顧客開発本部東京第３獲得局付（出向休職）（ケトル）,,0,28085502,239
3,28140000,2,28000000,大阪第１顧客獲得局,64,9999,2,297,705,0,0,0,0,0,0,株式会社  大広,顧客価値開発本部,大阪第１顧客獲得局,,,,,,,株式会社  大広 顧客価値開発本部 大阪第１顧客獲得局,顧客価値開発本部大阪第１顧客獲得局,,0,28140000,240
4,28141000,3,28140000,成澤チーム,64,9999,2,297,705,3313,0,0,0,0,0,株式会社  大広,顧客価値開発本部,大阪第１顧客獲得局,成澤チーム,,,,,,株式会社  大広 顧客価値開発本部 大阪第１顧客獲得局 成澤チーム,顧客価値開発本部大阪第１顧客獲得局成澤チーム,,0,28141000,241
4,28142000,3,28140000,濱口チーム,64,9999,2,297,705,3314,0,0,0,0,0,株式会社  大広,顧客価値開発本部,大阪第１顧客獲得局,濱口チーム,,,,,,株式会社  大広 顧客価値開発本部 大阪第１顧客獲得局 濱口チーム,顧客価値開発本部大阪第１顧客獲得局濱口チーム,,0,28142000,242
3,28160000,2,28000000,大阪第２顧客獲得局,64,9999,2,297,706,0,0,0,0,0,0,株式会社  大広,顧客価値開発本部,大阪第２顧客獲得局,,,,,,,株式会社  大広 顧客価値開発本部 大阪第２顧客獲得局,顧客価値開発本部大阪第２顧客獲得局,,0,28160000,243
4,28161000,3,28160000,羽木チーム,64,9999,2,297,706,3315,0,0,0,0,0,株式会社  大広,顧客価値開発本部,大阪第２顧客獲得局,羽木チーム,,,,,,株式会社  大広 顧客価値開発本部 大阪第２顧客獲得局 羽木チーム,顧客価値開発本部大阪第２顧客獲得局羽木チーム,,0,28161000,244
4,28162000,3,28160000,白瀧チーム,64,9999,2,297,706,3316,0,0,0,0,0,株式会社  大広,顧客価値開発本部,大阪第２顧客獲得局,白瀧チーム,,,,,,株式会社  大広 顧客価値開発本部 大阪第２顧客獲得局 白瀧チーム,顧客価値開発本部大阪第２顧客獲得局白瀧チーム,,0,28162000,245
4,28163000,3,28160000,栗波チーム,64,9999,2,297,706,3317,0,0,0,0,0,株式会社  大広,顧客価値開発本部,大阪第２顧客獲得局,栗波チーム,,,,,,株式会社  大広 顧客価値開発本部 大阪第２顧客獲得局 栗波チーム,顧客価値開発本部大阪第２顧客獲得局栗波チーム,,0,28163000,246
4,28164000,3,28160000,山口チーム,64,9999,2,297,706,3318,0,0,0,0,0,株式会社  大広,顧客価値開発本部,大阪第２顧客獲得局,山口チーム,,,,,,株式会社  大広 顧客価値開発本部 大阪第２顧客獲得局 山口チーム,顧客価値開発本部大阪第２顧客獲得局山口チーム,,0,28164000,247
4,28165000,3,28160000,土屋チーム,64,9999,2,297,706,3319,0,0,0,0,0,株式会社  大広,顧客価値開発本部,大阪第２顧客獲得局,土屋チーム,,,,,,株式会社  大広 顧客価値開発本部 大阪第２顧客獲得局 土屋チーム,顧客価値開発本部大阪第２顧客獲得局土屋チーム,,0,28165000,248
4,28166000,3,28160000,喜多チーム,64,9999,2,297,706,3320,0,0,0,0,0,株式会社  大広,顧客価値開発本部,大阪第２顧客獲得局,喜多チーム,,,,,,株式会社  大広 顧客価値開発本部 大阪第２顧客獲得局 喜多チーム,顧客価値開発本部大阪第２顧客獲得局喜多チーム,,0,28166000,249
4,28167000,3,28160000,付（出向休職）,64,9999,2,297,706,3321,0,0,0,0,0,株式会社  大広,顧客価値開発本部,大阪第２顧客獲得局,付（出向休職）,,,,,,株式会社  大広 顧客価値開発本部 大阪第２顧客獲得局 付（出向休職）,顧客価値開発本部大阪第２顧客獲得局付（出向休職）,,0,28167000,250
5,28167001,4,28167000,（大広西日本）,64,9999,2,297,706,3321,865,0,0,0,0,株式会社  大広,顧客価値開発本部,大阪第２顧客獲得局,付（出向休職）,（大広西日本）,,,,,株式会社  大広 顧客価値開発本部 大阪第２顧客獲得局 付（出向休職） （大広西日本）,顧客開発本部大阪第２獲得局付（出向休職）（西日本）,,0,28167001,251
3,28100000,2,28000000,東京顧客育成局,64,9999,2,297,707,0,0,0,0,0,0,株式会社  大広,顧客価値開発本部,東京顧客育成局,,,,,,,株式会社  大広 顧客価値開発本部 東京顧客育成局,顧客価値開発本部東京顧客育成局,,0,28100000,252
4,28101000,3,28100000,宇都チーム,64,9999,2,297,707,3322,0,0,0,0,0,株式会社  大広,顧客価値開発本部,東京顧客育成局,宇都チーム,,,,,,株式会社  大広 顧客価値開発本部 東京顧客育成局 宇都チーム,顧客価値開発本部東京顧客育成局宇都チーム,,0,28101000,253
4,28102000,3,28100000,折橋チーム,64,9999,2,297,707,3323,0,0,0,0,0,株式会社  大広,顧客価値開発本部,東京顧客育成局,折橋チーム,,,,,,株式会社  大広 顧客価値開発本部 東京顧客育成局 折橋チーム,顧客価値開発本部東京顧客育成局折橋チーム,,0,28102000,254
4,28100002,3,28100000,付（アイビーシステム出向）,64,9999,2,297,707,3324,0,0,0,0,0,株式会社  大広,顧客価値開発本部,東京顧客育成局,付（アイビーシステム出向）,,,,,,株式会社  大広 顧客価値開発本部 東京顧客育成局 付（アイビーシステム出向）,顧客開発本部東京育成局付（アイビーシステム出向）,,0,28100002,255
4,28100003,3,28100000,付（Ｄ＆Ｉパートナーズ出向）,64,9999,2,297,707,3346,0,0,0,0,0,株式会社  大広,顧客価値開発本部,東京顧客育成局,付（Ｄ＆Ｉパートナーズ出向）,,,,,,株式会社  大広 顧客価値開発本部 東京顧客育成局 付（Ｄ＆Ｉパートナーズ出向）,顧客開発本部東京育成局付（Ｄ＆Ｉ出向）,,0,28100003,256
4,28103000,3,28100000,付（出向休職）,64,9999,2,297,707,3325,0,0,0,0,0,株式会社  大広,顧客価値開発本部,東京顧客育成局,付（出向休職）,,,,,,株式会社  大広 顧客価値開発本部 東京顧客育成局 付（出向休職）,顧客価値開発本部東京顧客育成局付（出向休職）,,0,28103000,257
5,28103001,4,28103000,（Ｄ＆Ｉパートナーズ）,64,9999,2,297,707,3325,866,0,0,0,0,株式会社  大広,顧客価値開発本部,東京顧客育成局,付（出向休職）,（Ｄ＆Ｉパートナーズ）,,,,,株式会社  大広 顧客価値開発本部 東京顧客育成局 付（出向休職） （Ｄ＆Ｉパートナーズ）,顧客開発本部東京育成局付（出向休職）（Ｄ＆Ｉ）,,0,28103001,258
5,28103002,4,28103000,（アイビーシステム）,64,9999,2,297,707,3325,876,0,0,0,0,株式会社  大広,顧客価値開発本部,東京顧客育成局,付（出向休職）,（アイビーシステム）,,,,,株式会社  大広 顧客価値開発本部 東京顧客育成局 付（出向休職） （アイビーシステム）,顧客開発本部東京育成局付（出向休職）（アイビー）,,0,28103002,259
3,28180000,2,28000000,大阪顧客育成局,64,9999,2,297,708,0,0,0,0,0,0,株式会社  大広,顧客価値開発本部,大阪顧客育成局,,,,,,,株式会社  大広 顧客価値開発本部 大阪顧客育成局,顧客価値開発本部大阪顧客育成局,,0,28180000,260
4,28181000,3,28180000,南チーム,64,9999,2,297,708,3326,0,0,0,0,0,株式会社  大広,顧客価値開発本部,大阪顧客育成局,南チーム,,,,,,株式会社  大広 顧客価値開発本部 大阪顧客育成局 南チーム,顧客価値開発本部大阪顧客育成局南チーム,,0,28181000,261
4,28182000,3,28180000,入野チーム,64,9999,2,297,708,3327,0,0,0,0,0,株式会社  大広,顧客価値開発本部,大阪顧客育成局,入野チーム,,,,,,株式会社  大広 顧客価値開発本部 大阪顧客育成局 入野チーム,顧客価値開発本部大阪顧客育成局入野チーム,,0,28182000,262
4,28183000,3,28180000,付（出向休職）,64,9999,2,297,708,3328,0,0,0,0,0,株式会社  大広,顧客価値開発本部,大阪顧客育成局,付（出向休職）,,,,,,株式会社  大広 顧客価値開発本部 大阪顧客育成局 付（出向休職）,顧客価値開発本部大阪顧客育成局付（出向休職）,,0,28183000,263
5,28183001,4,28183000,（Ｄ＆Ｉパートナーズ）,64,9999,2,297,708,3328,867,0,0,0,0,株式会社  大広,顧客価値開発本部,大阪顧客育成局,付（出向休職）,（Ｄ＆Ｉパートナーズ）,,,,,株式会社  大広 顧客価値開発本部 大阪顧客育成局 付（出向休職） （Ｄ＆Ｉパートナーズ）,顧客開発本部大阪育成局付（出向休職）（Ｄ＆Ｉ）,,0,28183001,264
2,30000000,1,00000001,事業開発本部,64,9999,2,298,0,0,0,0,0,0,0,株式会社  大広,事業開発本部,,,,,,,,株式会社  大広 事業開発本部,事業開発本部,,0,30000000,265
3,30020000,2,30000000,事業開発局,64,9999,2,298,710,0,0,0,0,0,0,株式会社  大広,事業開発本部,事業開発局,,,,,,,株式会社  大広 事業開発本部 事業開発局,事業開発本部事業開発局,,0,30020000,266
4,30021000,3,30020000,吉野チーム,64,9999,2,298,710,3329,0,0,0,0,0,株式会社  大広,事業開発本部,事業開発局,吉野チーム,,,,,,株式会社  大広 事業開発本部 事業開発局 吉野チーム,事業開発本部事業開発局吉野チーム,,0,30021000,267
4,30022000,3,30020000,吉原チーム,64,9999,2,298,710,3330,0,0,0,0,0,株式会社  大広,事業開発本部,事業開発局,吉原チーム,,,,,,株式会社  大広 事業開発本部 事業開発局 吉原チーム,事業開発本部事業開発局吉原チーム,,0,30022000,268
3,30040000,2,30000000,ビジネスインキュベーション局,64,9999,2,298,711,0,0,0,0,0,0,株式会社  大広,事業開発本部,ビジネスインキュベーション局,,,,,,,株式会社  大広 事業開発本部 ビジネスインキュベーション局,事業開発本部ビジネスインキュベーション局,,0,30040000,269
4,30041000,3,30040000,森下チーム,64,9999,2,298,711,3331,0,0,0,0,0,株式会社  大広,事業開発本部,ビジネスインキュベーション局,森下チーム,,,,,,株式会社  大広 事業開発本部 ビジネスインキュベーション局 森下チーム,事業開発本部ビジネスインキュベーション局森下チーム,,0,30041000,270
4,30042000,3,30040000,付（大阪駐在）,64,9999,2,298,711,3332,0,0,0,0,0,株式会社  大広,事業開発本部,ビジネスインキュベーション局,付（大阪駐在）,,,,,,株式会社  大広 事業開発本部 ビジネスインキュベーション局 付（大阪駐在）,事業開発本部ＢＩ局付（大阪駐在）,,0,30042000,271
4,30043000,3,30040000,付（出向休職）,64,9999,2,298,711,3333,0,0,0,0,0,株式会社  大広,事業開発本部,ビジネスインキュベーション局,付（出向休職）,,,,,,株式会社  大広 事業開発本部 ビジネスインキュベーション局 付（出向休職）,事業開発本部ＢＩ局付（出向休職）,,0,30043000,272
5,30043001,4,30043000,（澤田設計事務所）,64,9999,2,298,711,3333,868,0,0,0,0,株式会社  大広,事業開発本部,ビジネスインキュベーション局,付（出向休職）,（澤田設計事務所）,,,,,株式会社  大広 事業開発本部 ビジネスインキュベーション局 付（出向休職） （澤田設計事務所）,事業開発本部ＢＩ局付（出向休職）（澤田設計事務所）,,0,30043001,273
5,30043002,4,30043000,（顧客時間）,64,9999,2,298,711,3333,869,0,0,0,0,株式会社  大広,事業開発本部,ビジネスインキュベーション局,付（出向休職）,（顧客時間）,,,,,株式会社  大広 事業開発本部 ビジネスインキュベーション局 付（出向休職） （顧客時間）,事業開発本部ＢＩ局付（出向休職）（顧客時間）,,0,30043002,274
5,30043003,4,30043000,（ＬＧＢＴ総合研究所）,64,9999,2,298,711,3333,870,0,0,0,0,株式会社  大広,事業開発本部,ビジネスインキュベーション局,付（出向休職）,（ＬＧＢＴ総合研究所）,,,,,株式会社  大広 事業開発本部 ビジネスインキュベーション局 付（出向休職） （ＬＧＢＴ総合研究所）,事業開発本部ＢＩ局付（出向休職）（ＬＧＢＴ総研）,,0,30043003,275
5,30043004,4,30043000,（エンゲージング・ファーム）,64,9999,2,298,711,3333,871,0,0,0,0,株式会社  大広,事業開発本部,ビジネスインキュベーション局,付（出向休職）,（エンゲージング・ファーム）,,,,,株式会社  大広 事業開発本部 ビジネスインキュベーション局 付（出向休職） （エンゲージング・ファーム）,事業開発本部ＢＩ局付（出向休職）（エンファ）,,0,30043004,276
5,30043005,4,30043000,（博報堂ＤＹホールディングス）,64,9999,2,298,711,3333,879,0,0,0,0,株式会社  大広,事業開発本部,ビジネスインキュベーション局,付（出向休職）,（博報堂ＤＹホールディングス）,,,,,株式会社  大広 事業開発本部 ビジネスインキュベーション局 付（出向休職） （博報堂ＤＹホールディングス）,事業開発本部ＢＩ局付（出向休職）（ＨＣ）,,0,30043005,277
5,30043006,4,30043000,（博報堂ＤＹベンチャーズ）,64,9999,2,298,711,3333,881,0,0,0,0,株式会社  大広,事業開発本部,ビジネスインキュベーション局,付（出向休職）,（博報堂ＤＹベンチャーズ）,,,,,株式会社  大広 事業開発本部 ビジネスインキュベーション局 付（出向休職） （博報堂ＤＹベンチャーズ）,事業開発本部ＢＩ局付（出向休職）（ベンチャーズ）,,0,30043006,278
2,16000000,1,00000001,ＢＡ統括本部,64,9999,2,299,0,0,0,0,0,0,0,株式会社  大広,ＢＡ統括本部,,,,,,,,株式会社  大広 ＢＡ統括本部,ＢＡ統括本部,,0,16000000,279
3,16020000,2,16000000,ＢＡ統括局,64,9999,2,299,712,0,0,0,0,0,0,株式会社  大広,ＢＡ統括本部,ＢＡ統括局,,,,,,,株式会社  大広 ＢＡ統括本部 ＢＡ統括局,ＢＡ統括本部ＢＡ統括局,,0,16020000,280
4,16020001,3,16020000,付,64,9999,2,299,712,3347,0,0,0,0,0,株式会社  大広,ＢＡ統括本部,ＢＡ統括局,付,,,,,,株式会社  大広 ＢＡ統括本部 ＢＡ統括局 付,ＢＡ統括本部ＢＡ統括局付,,0,16020001,281
4,16021000,3,16020000,統括チーム,64,9999,2,299,712,3335,0,0,0,0,0,株式会社  大広,ＢＡ統括本部,ＢＡ統括局,統括チーム,,,,,,株式会社  大広 ＢＡ統括本部 ＢＡ統括局 統括チーム,ＢＡ統括本部ＢＡ統括局統括チーム,,0,16021000,282
5,16022000,4,16021000,（大阪駐在）,64,9999,2,299,712,3335,872,0,0,0,0,株式会社  大広,ＢＡ統括本部,ＢＡ統括局,統括チーム,（大阪駐在）,,,,,株式会社  大広 ＢＡ統括本部 ＢＡ統括局 統括チーム （大阪駐在）,ＢＡ統括本部ＢＡ統括局統括チーム（大阪駐在）,,0,16022000,283
4,16020002,3,16020000,付（博報堂ＤＹホールディングス出向）,64,9999,2,299,712,3336,0,0,0,0,0,株式会社  大広,ＢＡ統括本部,ＢＡ統括局,付（博報堂ＤＹホールディングス出向）,,,,,,株式会社  大広 ＢＡ統括本部 ＢＡ統括局 付（博報堂ＤＹホールディングス出向）,ＢＡ統括本部ＢＡ統括局付（ＨＣ出向）,,0,16020002,284
4,16020005,3,16020000,付（プロモエッジ出向）,64,9999,2,299,712,3337,0,0,0,0,0,株式会社  大広,ＢＡ統括本部,ＢＡ統括局,付（プロモエッジ出向）,,,,,,株式会社  大広 ＢＡ統括本部 ＢＡ統括局 付（プロモエッジ出向）,ＢＡ統括本部ＢＡ統括局付（プロモエッジ出向）,,0,16020005,285
4,16022500,3,16020000,付（出向休職）,64,9999,2,299,712,3338,0,0,0,0,0,株式会社  大広,ＢＡ統括本部,ＢＡ統括局,付（出向休職）,,,,,,株式会社  大広 ＢＡ統括本部 ＢＡ統括局 付（出向休職）,ＢＡ統括本部ＢＡ統括局付（出向休職）,,0,16022500,286
5,16022502,4,16022500,（大広ＯＮＥＳ）,64,9999,2,299,712,3338,873,0,0,0,0,株式会社  大広,ＢＡ統括本部,ＢＡ統括局,付（出向休職）,（大広ＯＮＥＳ）,,,,,株式会社  大広 ＢＡ統括本部 ＢＡ統括局 付（出向休職） （大広ＯＮＥＳ）,ＢＡ統括本部ＢＡ統括局付（出向休職）（ＯＮＥＳ）,,0,16022502,287
3,16040000,2,16000000,ＢＡ人材開発局,64,9999,2,299,713,0,0,0,0,0,0,株式会社  大広,ＢＡ統括本部,ＢＡ人材開発局,,,,,,,株式会社  大広 ＢＡ統括本部 ＢＡ人材開発局,ＢＡ統括本部ＢＡ人材開発局,,0,16040000,288
4,16041000,3,16040000,東京キャリアデザインチーム,64,9999,2,299,713,3339,0,0,0,0,0,株式会社  大広,ＢＡ統括本部,ＢＡ人材開発局,東京キャリアデザインチーム,,,,,,株式会社  大広 ＢＡ統括本部 ＢＡ人材開発局 東京キャリアデザインチーム,ＢＡ統括本部ＢＡ人材開発局東京キャリアデザインＴ,,0,16041000,289
5,16042000,4,16041000,（名古屋駐在）,64,9999,2,299,713,3339,874,0,0,0,0,株式会社  大広,ＢＡ統括本部,ＢＡ人材開発局,東京キャリアデザインチーム,（名古屋駐在）,,,,,株式会社  大広 ＢＡ統括本部 ＢＡ人材開発局 東京キャリアデザインチーム （名古屋駐在）,ＢＡ統括本部ＢＡ人材開発局東京ＣＤＴ（名古屋駐在）,,0,16042000,290
4,16043000,3,16040000,大阪キャリアデザインチーム,64,9999,2,299,713,3340,0,0,0,0,0,株式会社  大広,ＢＡ統括本部,ＢＡ人材開発局,大阪キャリアデザインチーム,,,,,,株式会社  大広 ＢＡ統括本部 ＢＡ人材開発局 大阪キャリアデザインチーム,ＢＡ統括本部ＢＡ人材開発局大阪キャリアデザインＴ,,0,16043000,291
4,16044000,3,16040000,ナレッジマネジメントチーム,64,9999,2,299,713,3341,0,0,0,0,0,株式会社  大広,ＢＡ統括本部,ＢＡ人材開発局,ナレッジマネジメントチーム,,,,,,株式会社  大広 ＢＡ統括本部 ＢＡ人材開発局 ナレッジマネジメントチーム,ＢＡ統括本部ＢＡ人材開発局ナレッジマネジメントＴ,,0,16044000,292
4,16046000,3,16040000,広報チーム,64,9999,2,299,713,3342,0,0,0,0,0,株式会社  大広,ＢＡ統括本部,ＢＡ人材開発局,広報チーム,,,,,,株式会社  大広 ＢＡ統括本部 ＢＡ人材開発局 広報チーム,ＢＡ統括本部ＢＡ人材開発局広報チーム,,0,16046000,293
4,00004100,1,00000001,大阪衛生委員会,2,9999,2,0,0,1553,0,0,0,0,0,株式会社  大広,,,大阪衛生委員会,,,,,,株式会社  大広 大阪衛生委員会,大阪衛生委員会,,0,00004100,294
4,00004101,1,00000001,東京衛生委員会,2,9999,2,0,0,1554,0,0,0,0,0,株式会社  大広,,,東京衛生委員会,,,,,,株式会社  大広 東京衛生委員会,東京衛生委員会,,0,00004101,295
4,00004159,1,00000001,東京衛生委員会（芝公園オフィス）,60,9999,2,0,0,3076,0,0,0,0,0,株式会社  大広,,,東京衛生委員会（芝公園オフィス）,,,,,,株式会社  大広 東京衛生委員会（芝公園オフィス）,東京衛生委員会（芝公園オフィス）,,0,00004159,296
4,00004102,1,00000001,名古屋衛生委員会,2,9999,2,0,0,1555,0,0,0,0,0,株式会社  大広,,,名古屋衛生委員会,,,,,,株式会社  大広 名古屋衛生委員会,名古屋衛生委員会,,0,00004102,297
4,00004160,1,00000001,ハラスメント対策委員会,60,9999,2,0,0,3077,0,0,0,0,0,株式会社  大広,,,ハラスメント対策委員会,,,,,,株式会社  大広 ハラスメント対策委員会,ハラスメント対策委員会,,0,00004160,298
5,00004161,4,00004160,ハラスメント相談窓口,60,9999,2,0,0,3077,772,0,0,0,0,株式会社  大広,,,ハラスメント対策委員会,ハラスメント相談窓口,,,,,株式会社  大広 ハラスメント対策委員会 ハラスメント相談窓口,ハラスメント相談窓口,,0,00004161,299
5,00004162,4,00004160,セクシャル・ハラスメント相談窓口,60,9999,2,0,0,3077,773,0,0,0,0,株式会社  大広,,,ハラスメント対策委員会,セクシャル・ハラスメント相談窓口,,,,,株式会社  大広 ハラスメント対策委員会 セクシャル・ハラスメント相談窓口,セクシャル・ハラスメント相談窓口,,0,00004162,300
4,00004105,1,00000001,コンプライアンス委員会,20,9999,2,0,0,1867,0,0,0,0,0,株式会社  大広,,,コンプライアンス委員会,,,,,,株式会社  大広 コンプライアンス委員会,コンプライアンス委員会,,0,00004105,301
4,00004132,1,00000001,ワークライフバランス推進委員会,40,9999,2,0,0,2160,0,0,0,0,0,株式会社  大広,,,ワークライフバランス推進委員会,,,,,,株式会社  大広 ワークライフバランス推進委員会,ワークライフバランス推進委員会,,0,00004132,302
4,00004136,1,00000001,現業取引リスク管理委員会,45,9999,2,0,0,2408,0,0,0,0,0,株式会社  大広,,,現業取引リスク管理委員会,,,,,,株式会社  大広 現業取引リスク管理委員会,現業取引リスク管理委員会,,0,00004136,303
4,00004137,1,00000001,Ｅ．Ｒ．委員会,45,9999,2,0,0,2409,0,0,0,0,0,株式会社  大広,,,Ｅ．Ｒ．委員会,,,,,,株式会社  大広 Ｅ．Ｒ．委員会,Ｅ．Ｒ．委員会,,0,00004137,304
4,00004148,1,00000001,情報セキュリティ委員会,52,9999,2,0,0,2623,0,0,0,0,0,株式会社  大広,,,情報セキュリティ委員会,,,,,,株式会社  大広 情報セキュリティ委員会,情報セキュリティ委員会,,0,00004148,305
4,00004152,1,00000001,ＨＤＹグループ戦略推進プロジェクト,56,9999,2,0,0,2856,0,0,0,0,0,株式会社  大広,,,ＨＤＹグループ戦略推進プロジェクト,,,,,,株式会社  大広 ＨＤＹグループ戦略推進プロジェクト,ＨＤＹグループ戦略推進プロジェクト,,0,00004152,306
4,00004156,1,00000001,ビジネス再開計画委員会,60,9999,2,0,0,3072,0,0,0,0,0,株式会社  大広,,,ビジネス再開計画委員会,,,,,,株式会社  大広 ビジネス再開計画委員会,ビジネス再開計画委員会,,0,00004156,307
4,00004157,1,00000001,防災委員会,60,9999,2,0,0,3073,0,0,0,0,0,株式会社  大広,,,防災委員会,,,,,,株式会社  大広 防災委員会,防災委員会,,0,00004157,308
4,00004158,1,00000001,長時間労働対策委員会,60,9999,2,0,0,3075,0,0,0,0,0,株式会社  大広,,,長時間労働対策委員会,,,,,,株式会社  大広 長時間労働対策委員会,長時間労働対策委員会,,0,00004158,309
4,00004163,1,00000001,女性が心おきなく活躍する職場創りＰＪ（COCO-PJ）,60,9999,2,0,0,3078,0,0,0,0,0,株式会社  大広,,,女性が心おきなく活躍する職場創りＰＪ（COCO-PJ）,,,,,,株式会社  大広 女性が心おきなく活躍する職場創りＰＪ（COCO-PJ）,女性が心おきなく活躍する職場創りＰＪ（COCO-PJ）,,0,00004163,310
4,00004164,1,00000001,自衛消防隊,60,9999,2,0,0,3079,0,0,0,0,0,株式会社  大広,,,自衛消防隊,,,,,,株式会社  大広 自衛消防隊,自衛消防隊,,0,00004164,311
4,00004167,1,00000001,ＤＡＤ推進プロジェクト,61,9999,2,0,0,3116,0,0,0,0,0,株式会社  大広,,,ＤＡＤ推進プロジェクト,,,,,,株式会社  大広 ＤＡＤ推進プロジェクト,ＤＡＤ推進プロジェクト,,0,00004167,312
4,00004168,1,00000001,次世代ロールモデル研究プロジェクト,62,9999,2,0,0,3153,0,0,0,0,0,株式会社  大広,,,次世代ロールモデル研究プロジェクト,,,,,,株式会社  大広 次世代ロールモデル研究プロジェクト,次世代ロールモデル研究プロジェクト,,0,00004168,313
4,00004169,1,00000001,東京新オフィス検討プロジェクト,63,9999,2,0,0,3161,0,0,0,0,0,株式会社  大広,,,東京新オフィス検討プロジェクト,,,,,,株式会社  大広 東京新オフィス検討プロジェクト,東京新オフィス検討プロジェクト,,0,00004169,314
4,00004170,1,00000001,ウエルネスセンター推進プロジェクト,63,9999,2,0,0,3163,0,0,0,0,0,株式会社  大広,,,ウエルネスセンター推進プロジェクト,,,,,,株式会社  大広 ウエルネスセンター推進プロジェクト,ウエルネスセンター推進プロジェクト,,0,00004170,315
4,00004171,1,00000001,ＥＣゼネコン推進プロジェクト,63,9999,2,0,0,3164,0,0,0,0,0,株式会社  大広,,,ＥＣゼネコン推進プロジェクト,,,,,,株式会社  大広 ＥＣゼネコン推進プロジェクト,ＥＣゼネコン推進プロジェクト,,0,00004171,316
4,00004150,1,00000001,営収向上推進委員会,54,9999,2,0,0,2683,0,0,0,0,0,株式会社  大広,,,営収向上推進委員会,,,,,,株式会社  大広 営収向上推進委員会,営収向上推進委員会,,0,00004150,317
4,00004166,1,00000001,地方創生ビジネス推進プロジェクト,61,9999,2,0,0,3115,0,0,0,0,0,株式会社  大広,,,地方創生ビジネス推進プロジェクト,,,,,,株式会社  大広 地方創生ビジネス推進プロジェクト,地方創生ビジネス推進プロジェクト,,0,00004166,318
4,00004165,1,00000001,海外人材プールプログラムプロジェクト,61,9999,2,0,0,3110,0,0,0,0,0,株式会社  大広,,,海外人材プールプログラムプロジェクト,,,,,,株式会社  大広 海外人材プールプログラムプロジェクト,海外人材プールプログラムプロジェクト,,0,00004165,319
4,00004107,1,00000001,コーポレート機能検討プロジェクト,22,9999,2,0,0,1912,0,0,0,0,0,株式会社  大広,,,コーポレート機能検討プロジェクト,,,,,,株式会社  大広 コーポレート機能検討プロジェクト,コーポレート機能検討プロジェクト,,0,00004107,320
4,00004120,1,00000001,個人情報保護強化委員会,34,9999,2,0,0,2094,0,0,0,0,0,株式会社  大広,,,個人情報保護強化委員会,,,,,,株式会社  大広 個人情報保護強化委員会,個人情報保護強化委員会,,0,00004120,321
4,00004121,1,00000001,クロスメディアビジネス推進プロジェクト,35,9999,2,0,0,2106,0,0,0,0,0,株式会社  大広,,,クロスメディアビジネス推進プロジェクト,,,,,,株式会社  大広 クロスメディアビジネス推進プロジェクト,クロスメディアビジネス推進プロジェクト,,0,00004121,322
4,00004123,1,00000001,ＭＣＸプロジェクト,35,9999,2,0,0,2108,0,0,0,0,0,株式会社  大広,,,ＭＣＸプロジェクト,,,,,,株式会社  大広 ＭＣＸプロジェクト,ＭＣＸプロジェクト,,0,00004123,323
4,00004126,1,00000001,ロイヤルティマーケティング推進プロジェクト,36,9999,2,0,0,2129,0,0,0,0,0,株式会社  大広,,,ロイヤルティマーケティング推進プロジェクト,,,,,,株式会社  大広 ロイヤルティマーケティング推進プロジェクト,ロイヤルティマーケティング推進プロジェクト,,0,00004126,324
4,00004127,1,00000001,ブランドビジネス推進プロジェクト,36,9999,2,0,0,2130,0,0,0,0,0,株式会社  大広,,,ブランドビジネス推進プロジェクト,,,,,,株式会社  大広 ブランドビジネス推進プロジェクト,ブランドビジネス推進プロジェクト,,0,00004127,325
4,00004128,1,00000001,ビジネス開発委員会,36,9999,2,0,0,2131,0,0,0,0,0,株式会社  大広,,,ビジネス開発委員会,,,,,,株式会社  大広 ビジネス開発委員会,ビジネス開発委員会,,0,00004128,326
4,00004131,1,00000001,ちびファミラボプロジェクト,46,9999,2,0,0,2411,0,0,0,0,0,株式会社  大広,,,ちびファミラボプロジェクト,,,,,,株式会社  大広 ちびファミラボプロジェクト,ちびファミラボプロジェクト,,0,00004131,327
4,00004134,1,00000001,２７５（ＴＳＵ・ＮＡ・ＧＯ）プロジェクト,41,9999,2,0,0,2202,0,0,0,0,0,株式会社  大広,,,２７５（ＴＳＵ・ＮＡ・ＧＯ）プロジェクト,,,,,,株式会社  大広 ２７５（ＴＳＵ・ＮＡ・ＧＯ）プロジェクト,２７５（ＴＳＵ・ＮＡ・ＧＯ）プロジェクト,,0,00004134,328
4,00004135,1,00000001,Ｒ＆Ｄコミッティー委員会,45,9999,2,0,0,2407,0,0,0,0,0,株式会社  大広,,,Ｒ＆Ｄコミッティー委員会,,,,,,株式会社  大広 Ｒ＆Ｄコミッティー委員会,Ｒ＆Ｄコミッティー委員会,,0,00004135,329
4,00004138,1,00000001,ダイレクトマーケティング事業推進プロジェクト,36,9999,2,0,0,2128,0,0,0,0,0,株式会社  大広,,,ダイレクトマーケティング事業推進プロジェクト,,,,,,株式会社  大広 ダイレクトマーケティング事業推進プロジェクト,ダイレクトマーケティング事業推進プロジェクト,,0,00004138,330
4,00004139,1,00000001,大阪セールス・タスクフォース・プロジェクト,45,9999,2,0,0,2410,0,0,0,0,0,株式会社  大広,,,大阪セールス・タスクフォース・プロジェクト,,,,,,株式会社  大広 大阪セールス・タスクフォース・プロジェクト,大阪セールス・タスクフォース・プロジェクト,,0,00004139,331
4,00004140,1,00000001,プロジェクト２０１４プロジェクト,46,9999,2,0,0,2412,0,0,0,0,0,株式会社  大広,,,プロジェクト２０１４プロジェクト,,,,,,株式会社  大広 プロジェクト２０１４プロジェクト,プロジェクト２０１４プロジェクト,,0,00004140,332
4,00004141,1,00000001,非マスメディアの収益改善プロジェクト,46,9999,2,0,0,2413,0,0,0,0,0,株式会社  大広,,,非マスメディアの収益改善プロジェクト,,,,,,株式会社  大広 非マスメディアの収益改善プロジェクト,非マスメディアの収益改善プロジェクト,,0,00004141,333
4,00004142,1,00000001,国内グループ会社ＨＥＮ導入プロジェクト,46,9999,2,0,0,2416,0,0,0,0,0,株式会社  大広,,,国内グループ会社ＨＥＮ導入プロジェクト,,,,,,株式会社  大広 国内グループ会社ＨＥＮ導入プロジェクト,国内グループ会社ＨＥＮ導入プロジェクト,,0,00004142,334
4,00004143,1,00000001,名古屋支社移転プロジェクト,46,9999,2,0,0,2423,0,0,0,0,0,株式会社  大広,,,名古屋支社移転プロジェクト,,,,,,株式会社  大広 名古屋支社移転プロジェクト,名古屋支社移転プロジェクト,,0,00004143,335
4,00004144,1,00000001,「にんプリ」プロジェクト,47,9999,2,0,0,2481,0,0,0,0,0,株式会社  大広,,,「にんプリ」プロジェクト,,,,,,株式会社  大広 「にんプリ」プロジェクト,「にんプリ」プロジェクト,,0,00004144,336
4,00004145,1,00000001,ＥＣ推進プロジェクト,47,9999,2,0,0,2482,0,0,0,0,0,株式会社  大広,,,ＥＣ推進プロジェクト,,,,,,株式会社  大広 ＥＣ推進プロジェクト,ＥＣ推進プロジェクト,,0,00004145,337
4,00004172,1,00000001,現場業務改善推進委員会,64,9999,2,0,0,3348,0,0,0,0,0,株式会社  大広,,,現場業務改善推進委員会,,,,,,株式会社  大広 現場業務改善推進委員会,現場業務改善推進委員会,,0,00004172,338
4,00004173,1,00000001,働き方改革委員会,64,9999,2,0,0,3349,0,0,0,0,0,株式会社  大広,,,働き方改革委員会,,,,,,株式会社  大広 働き方改革委員会,働き方改革委員会,,0,00004173,339
4,00004146,1,00000001,デジタルビジネス推進プロジェクト,49,9999,2,0,0,2500,0,0,0,0,0,株式会社  大広,,,デジタルビジネス推進プロジェクト,,,,,,株式会社  大広 デジタルビジネス推進プロジェクト,デジタルビジネス推進プロジェクト,,0,00004146,340
4,00004147,1,00000001,ダイレクトマーケティング総合研究所,52,9999,2,0,0,2618,0,0,0,0,0,株式会社  大広,,,ダイレクトマーケティング総合研究所,,,,,,株式会社  大広 ダイレクトマーケティング総合研究所,ダイレクトマーケティング総合研究所,,0,00004147,341
4,00004149,1,00000001,プロフィット＆コスト・マネジメントプロジェクト,52,9999,2,0,0,2624,0,0,0,0,0,株式会社  大広,,,プロフィット＆コスト・マネジメントプロジェクト,,,,,,株式会社  大広 プロフィット＆コスト・マネジメントプロジェクト,プロフィット＆コスト・マネジメントプロジェクト,,0,00004149,342
4,00004151,1,00000001,アクティベーションセンター推進プロジェクト,55,9999,2,0,0,2853,0,0,0,0,0,株式会社  大広,,,アクティベーションセンター推進プロジェクト,,,,,,株式会社  大広 アクティベーションセンター推進プロジェクト,アクティベーションセンター推進プロジェクト,,0,00004151,343
4,00004153,1,00000001,プロモーションビジネス推進プロジェクト,56,9999,2,0,0,2857,0,0,0,0,0,株式会社  大広,,,プロモーションビジネス推進プロジェクト,,,,,,株式会社  大広 プロモーションビジネス推進プロジェクト,プロモーションビジネス推進プロジェクト,,0,00004153,344
4,00004154,1,00000001,マイナンバー委員会,59,9999,2,0,0,2920,0,0,0,0,0,株式会社  大広,,,マイナンバー委員会,,,,,,株式会社  大広 マイナンバー委員会,マイナンバー委員会,,0,00004154,345
4,00004155,1,00000001,ダイレクトマーケティングコンサルティングＰＪ,60,9999,2,0,0,3070,0,0,0,0,0,株式会社  大広,,,ダイレクトマーケティングコンサルティングＰＪ,,,,,,株式会社  大広 ダイレクトマーケティングコンサルティングＰＪ,ダイレクトマーケティングコンサルティングＰＪ,,0,00004155,346
